player_rank,player,first_year,last_year,draft,team,league,games_played,games_started,rushing_attempts,total_yards,yards_per_attempt,rushing_td,yards_per_game
6,Russell Wilson,2012,2019,3-75,SEA,NFL,123,123,698,3922,5.62,19,31.9
7,Fran Tarkenton,1961,1978,3-29 5-34AFL,TOT,NFL,246,239,675,3674,5.44,32,14.9
8,Steve McNair,1995,2007,1-3,TOT,NFL,161,153,669,3590,5.37,37,22.3
9,Charley Trippi,1947,1955,1-1,CRD,NFL,99,76,687,3506,5.10,23,35.4
10,Donovan McNabb,1999,2011,1-2,TOT,NFL,167,161,616,3459,5.62,29,20.7
11,John Elway,1983,1998,1-1,DEN,NFL,234,231,774,3407,4.40,33,14.6
12,Tobin Rote,1950,1966,2-17,TOT,TOT,149,116,635,3128,4.93,37,21.0
13,Aaron Rodgers,2005,2019,1-24,GNB,NFL,177,170,601,3085,5.13,28,17.4
14,Kordell Stewart,1995,2005,2-60,TOT,NFL,125,87,560,2874,5.13,38,23.0
15,Jim Harbaugh,1987,2000,1-26,TOT,NFL,177,140,561,2787,4.97,18,15.7
16,Greg Landry,1968,1984,1-11,TOT,NFL,146,98,430,2655,6.17,21,18.2
17,Bobby Douglass,1969,1978,2-41,TOT,NFL,91,53,410,2654,6.47,22,29.2
18,Daunte Culpepper,1999,2009,1-11,TOT,NFL,105,100,514,2652,5.16,34,25.3
19,Alex Smith,2005,2018,1-1,TOT,NFL,166,161,570,2601,4.56,15,15.7
20,Bobby Layne,1948,1962,1-3,TOT,NFL,175,145,611,2451,4.01,25,14.0
21,Rich Gannon,1987,2004,4-98,TOT,NFL,157,132,521,2449,4.70,21,15.6
22,Mark Brunell,1994,2011,5-118,TOT,NFL,193,151,513,2421,4.72,15,12.5
23,Ryan Fitzpatrick,2005,2019,7-250,TOT,NFL,152,135,523,2348,4.49,18,15.4
24,Colin Kaepernick,2011,2016,2-36,SFO,NFL,69,58,375,2300,6.13,13,33.3
25,Roger Staubach,1969,1979,10-129 16-122AFL,DAL,NFL,131,114,410,2264,5.52,20,17.3
26,Terry Bradshaw,1970,1983,1-1,PIT,NFL,168,158,444,2257,5.08,32,13.4
27,Ken Anderson,1971,1986,3-67,CIN,NFL,192,172,397,2220,5.59,20,11.6
28,Archie Manning,1971,1984,1-2,TOT,NFL,151,139,384,2197,5.72,18,14.5
29,Steve Grogan,1975,1990,5-116,NWE,NFL,149,135,445,2176,4.89,35,14.6
30,Jeff Garcia,1999,2009,,TOT,NFL,125,116,468,2140,4.57,26,17.1
31,Jeff Blake,1992,2005,6-166,TOT,NFL,119,100,418,2027,4.85,14,17.0
32,Jake Plummer,1997,2006,2-42,TOT,NFL,143,136,428,1853,4.33,17,13.0
33,Ward Cuff,1937,1947,4-34,TOT,NFL,110,87,344,1851,5.38,7,16.8
34,Brett Favre,1991,2010,2-33,TOT,NFL,302,298,602,1844,3.06,14,6.1
35,Tyrod Taylor,2011,2019,6-180,TOT,NFL,68,46,330,1835,5.56,16,27.0
36,Joe Theismann,1974,1985,4-99,WAS,NFL,167,124,355,1815,5.11,17,10.9
37,Johnny Unitas,1956,1973,9-102,TOT,NFL,211,185,450,1777,3.95,13,8.4
38,Blake Bortles,2014,2019,1-3,TOT,NFL,78,73,283,1766,6.24,8,22.6
39,David Garrard,2002,2010,4-108,JAX,NFL,86,76,380,1746,4.59,17,20.3
40,Warren Moon,1984,2000,,TOT,NFL,208,203,543,1736,3.20,22,8.3
41,Robert Griffin,2012,2019,1-2,TOT,NFL,49,40,283,1684,5.95,10,34.4
42,Jay Cutler,2006,2017,1-11,TOT,NFL,153,153,386,1682,4.36,9,11.0
43,Joe Montana,1979,1994,3-82,TOT,NFL,192,164,457,1676,3.67,20,8.7
44,Lamar Jackson,2018,2019,1-32,RAV,NFL,28,19,287,1672,5.83,12,59.7
45,Vinny Testaverde,1987,2007,1-1,TOT,NFL,233,214,430,1661,3.86,15,7.1
46,Doug Flutie,1986,2005,11-285,TOT,NFL,92,66,338,1634,4.83,10,17.8
47,Jim McMahon,1982,1996,1-5,TOT,NFL,119,97,338,1631,4.83,16,13.7
48,Boomer Esiason,1984,1997,2-38,TOT,NFL,187,173,447,1598,3.57,7,8.5
49,Andrew Luck,2012,2018,1-1,CLT,NFL,86,86,332,1590,4.79,14,18.5
50,Dick Todd,1939,1948,5-38,WAS,NFL,79,25,368,1573,4.27,11,19.9
51,Aaron Brooks,2000,2006,4-131,TOT,NFL,93,90,362,1534,4.24,13,16.5
52,Babe Parilli,1952,1969,1-4,TOT,TOT,189,101,383,1522,3.97,23,8.1
53,Billy Kilmer,1961,1978,1-11 5-39AFL,TOT,NFL,170,125,362,1509,4.17,21,8.9
54,Jim Zorn,1976,1987,,TOT,NFL,140,106,322,1504,4.67,17,10.7
55,Frank Filchock,1938,1950,2-14,TOT,NFL,76,34,477,1478,3.10,7,19.4
56,Vince Young,2006,2011,1-3,TOT,NFL,60,50,282,1459,5.17,12,24.3
57,Bert Jones,1973,1982,1-2,TOT,NFL,102,96,247,1429,5.79,14,14.0
58,Marcus Mariota,2015,2019,1-2,OTI,NFL,62,61,242,1399,5.78,11,22.6
59,Jeff Hostetler,1985,1997,3-59,TOT,NFL,152,83,316,1391,4.40,17,9.2
60,Frank Ryan,1958,1970,5-55,TOT,NFL,126,87,310,1358,4.38,6,10.8
61,Ben Roethlisberger,2004,2019,1-11,PIT,NFL,218,216,470,1357,2.89,19,6.2
62,Ryan Tannehill,2012,2019,1-8,TOT,NFL,96,94,278,1338,4.81,9,13.9
63,Jim Plunkett,1971,1986,1-1,TOT,NFL,157,144,323,1337,4.14,14,8.5
64,Billy Wade,1954,1966,1-1,TOT,NFL,128,85,318,1334,4.19,24,10.4
65,David Carr,2002,2012,1-1,TOT,NFL,94,79,305,1328,4.35,9,14.1
66,Chris Chandler,1988,2004,3-76,TOT,NFL,180,152,371,1310,3.53,12,7.3
67,Bart Starr,1956,1971,17-200,GNB,NFL,196,157,247,1308,5.30,15,6.7
68,Roman Gabriel,1962,1977,1-2 1-1AFL,TOT,NFL,183,157,358,1304,3.64,30,7.1
69,Len Dawson,1957,1975,1-5,TOT,TOT,211,159,294,1293,4.40,9,6.1
70,Mike Phipps,1970,1981,1-3,TOT,NFL,119,71,254,1278,5.03,13,10.7
71,Frankie Albert,1946,1952,1-10,SFO,TOT,90,68,329,1272,3.87,27,14.1
72,Dave Krieg,1980,1998,,TOT,NFL,213,175,417,1261,3.02,13,5.9
73,Matt Ryan,2008,2019,1-3,ATL,NFL,185,185,406,1254,3.09,9,6.8
74,Phil Simms,1979,1993,1-7,NYG,NFL,164,159,349,1252,3.59,6,7.6
75,Y.A. Tittle,1948,1964,1-6,TOT,TOT,204,152,372,1245,3.35,39,6.1
76,Matt Hasselbeck,1999,2015,6-187,TOT,NFL,209,160,365,1231,3.37,8,5.9
77,Joe Ferguson,1973,1990,3-57,TOT,NFL,186,171,353,1217,3.45,11,6.5
78,Don Meredith,1960,1968,3-32,DAL,NFL,104,83,242,1216,5.02,15,11.7
79,Jason Campbell,2006,2014,1-25,TOT,NFL,90,79,240,1204,5.02,6,13.4
80,Andy Dalton,2011,2019,2-35,CIN,NFL,129,129,381,1199,3.15,21,9.3
81,John Brodie,1957,1973,1-3,SFO,NFL,201,158,235,1167,4.97,22,5.8
82,Dak Prescott,2016,2019,4-135,DAL,NFL,60,60,227,1166,5.14,21,19.4
83,Gene Ronzani,1933,1945,,CHI,NFL,78,34,260,1153,4.43,1,14.8
85,Jack Kemp,1957,1969,17-203,TOT,TOT,122,105,356,1150,3.23,40,9.4
86,Rodney Peete,1989,2004,6-141,TOT,NFL,104,87,270,1139,4.22,16,11.0
87,Rick Mirer,1993,2003,1-2,TOT,NFL,80,68,242,1130,4.67,9,14.1
88,Vince Evans,1977,1995,6-140,TOT,NFL,100,39,212,1129,5.33,14,11.3
89,Deshaun Watson,2017,2019,1-12,HTX,NFL,35,34,197,1120,5.69,12,32.0
90,Don Majkowski,1987,1996,10-255,TOT,NFL,90,57,248,1114,4.49,12,12.4
91,John Hadl,1962,1977,1-10 3-24AFL,TOT,TOT,224,166,351,1112,3.17,16,5.0
92,Josh McCown,2002,2019,3-81,TOT,NFL,102,76,248,1106,4.46,13,10.8
93,Keith Molesworth,1931,1937,,CHI,NFL,81,35,348,1105,3.18,8,13.6
94,Matthew Stafford,2009,2019,1-1,DET,NFL,149,149,316,1086,3.44,14,7.3
95,Josh Allen,2018,2019,1-7,BUF,NFL,24,23,182,1061,5.83,16,44.2
96,Jim Kelly,1986,1996,1-14,BUF,NFL,160,160,304,1049,3.45,7,6.6
84,Al Dorow,1954,1962,3-31,TOT,TOT,69,45,248,1150,4.64,16,16.7
97,Glenn Dobbs,1946,1949,1-3,TOT,AAFC,49,30,262,1039,3.97,12,21.2
98,Jack Concannon,1964,1975,2-16 1-1AFL,TOT,NFL,90,45,217,1026,4.73,12,11.4
99,Matt Cassel,2005,2018,7-230,TOT,NFL,108,81,268,1025,3.82,5,9.5
100,Wade Wilson,1981,1998,8-210,TOT,NFL,125,69,239,1025,4.29,9,8.2
101,Troy Aikman,1989,2000,1-1,DAL,NFL,165,165,327,1016,3.11,9,6.2
102,Tom Brady,2000,2019,6-199,NWE,NFL,281,279,598,1015,1.70,22,3.6
103,Jameis Winston,2015,2019,1-1,TAM,NFL,68,66,236,1014,4.30,9,14.9
104,Bob Griese,1967,1980,1-4,MIA,TOT,161,151,261,994,3.81,7,6.2
105,Tim Tebow,2010,2012,1-25,TOT,NFL,35,16,197,989,5.02,12,28.3
106,Brad Smith,2006,2014,4-103,TOT,NFL,127,24,134,972,7.25,4,7.7
107,Neil Lomax,1981,1988,2-33,CRD,NFL,108,101,222,969,4.36,10,9.0
108,Ed Brown,1954,1965,6-68,TOT,NFL,154,96,265,960,3.62,14,6.2
109,Jon Kitna,1997,2011,,TOT,NFL,141,124,313,956,3.05,11,6.8
110,Josh Freeman,2009,2015,1-17,TOT,NFL,62,61,205,946,4.61,4,15.3
111,Richard Todd,1976,1985,1-6,TOT,NFL,119,108,259,932,3.60,14,7.8
112,Harry Gilmer,1948,1956,1-1,TOT,NFL,76,27,201,923,4.59,1,12.1
113,Trent Green,1997,2008,8-222,TOT,NFL,120,113,243,914,3.76,6,7.6
114,Steve Fuller,1979,1986,1-23,TOT,NFL,90,42,186,908,4.88,11,10.1
115,Bob Davis,1938,1946,,TOT,NFL,49,33,230,904,3.93,3,18.4
116,Doug Williams,1978,1989,1-17,TOT,NFL,88,81,220,884,4.02,15,10.0
117,Otto Graham,1946,1955,1-4,CLE,TOT,126,114,405,882,2.18,44,7.0
118,Tony Banks,1996,2005,2-42,TOT,NFL,96,78,246,881,3.58,6,9.2
119,Earl Morrall,1956,1976,1-2,TOT,NFL,255,102,235,878,3.74,8,3.4
120,Rob Johnson,1995,2003,4-99,TOT,NFL,48,29,140,877,6.26,4,18.3
121,Ron Jaworski,1974,1989,2-37,TOT,NFL,188,143,257,859,3.34,16,4.6
122,Steve Pelluer,1984,1990,5-113,TOT,NFL,65,30,142,858,6.04,6,13.2
123,Gary Danielson,1976,1988,,TOT,NFL,101,60,186,857,4.61,7,8.5
124,David Woodley,1980,1985,8-214,TOT,NFL,58,53,201,856,4.26,11,14.8
125,Jay Fiedler,1995,2005,,TOT,NFL,76,60,219,854,3.90,11,11.2
126,Trent Dilfer,1994,2007,1-6,TOT,NFL,130,113,248,853,3.44,5,6.6
127,Lamar McHan,1954,1963,1-2,TOT,NFL,113,70,239,849,3.55,12,7.5
128,Joe Flacco,2008,2019,1-18,TOT,NFL,171,171,357,831,2.33,16,4.9
129,Mike Pagel,1982,1993,4-84,TOT,NFL,132,54,136,831,6.11,4,6.3
130,Chris Miller,1987,1999,1-13,TOT,NFL,98,92,178,814,4.57,2,8.3
131,Drew Bledsoe,1993,2006,1-1,TOT,NFL,194,193,385,764,1.98,10,3.9
132,Brian Sipe,1974,1983,13-330,CLE,NFL,125,112,223,762,3.42,11,6.1
133,Jay Schroeder,1985,1994,3-83,TOT,NFL,118,99,242,761,3.14,5,6.4
134,Drew Brees,2001,2019,2-32,TOT,NFL,271,270,475,757,1.59,22,2.8
135,Mitchell Trubisky,2017,2019,1-2,CHI,NFL,37,37,135,749,5.55,6,20.2
136,Johnny Lujack,1948,1951,1-4,CHI,NFL,45,33,133,742,5.58,21,16.5
137,Carson Wentz,2016,2019,1-2,PHI,NFL,52,52,189,730,3.86,3,14.0
138,David Archer,1984,1989,,TOT,NFL,55,23,135,706,5.23,2,12.8
139,Jug Girard,1948,1957,1-7,TOT,NFL,114,37,194,703,3.62,3,6.2
140,Kerry Collins,1995,2011,1-5,TOT,NFL,198,180,374,686,1.83,10,3.5
141,Charlie Conerly,1948,1961,13-127,NYG,NFL,161,105,270,685,2.54,10,4.3
142,Dan Pastorini,1971,1983,1-3,TOT,NFL,140,117,216,685,3.17,8,4.9
143,Mike Livingston,1968,1979,2-48,KAN,TOT,91,75,156,682,4.37,7,7.5
144,Pete Beathard,1964,1973,1-5 1-2AFL,TOT,TOT,110,35,131,680,5.19,11,6.2
145,Marty Domres,1969,1977,1-9,TOT,TOT,90,32,130,679,5.22,10,7.5
146,Dave Brown,1992,2001,1-1,TOT,NFL,73,60,192,669,3.48,7,9.2
147,Peyton Manning,1998,2015,1-1,TOT,NFL,266,265,431,667,1.55,18,2.5
148,Geno Smith,2013,2018,2-39,TOT,NFL,40,31,147,661,4.50,7,16.5
149,Cliff Stoudt,1980,1989,5-121,TOT,NFL,66,20,122,661,5.42,4,10.0
150,Brad Johnson,1994,2008,9-227,TOT,NFL,177,125,276,657,2.38,8,3.7
151,Eddie LeBaron,1952,1963,10-123,TOT,NFL,134,85,202,650,3.22,9,4.9
152,Terrelle Pryor,2011,2018,3-1,TOT,NFL,51,30,103,646,6.27,4,12.7
153,Jake Locker,2011,2014,1-8,OTI,NFL,30,23,95,644,6.78,5,21.5
154,Virgil Carter,1968,1976,6-142,TOT,NFL,52,30,109,640,5.87,8,12.3
155,Fred Enke,1948,1954,7-47,TOT,NFL,68,26,170,640,3.76,1,9.4
156,Daryle Lamonica,1963,1974,12-168 24-188AFL,TOT,TOT,151,88,166,640,3.86,14,4.2
157,Christian Ponder,2011,2014,1-12,MIN,NFL,38,36,126,639,5.07,7,16.8
158,Charlie Batch,1998,2012,2-60,TOT,NFL,81,55,172,637,3.70,6,7.9
159,Tarvaris Jackson,2006,2015,2-64,TOT,NFL,59,34,171,636,3.72,6,10.8
160,Ralph Guglielmi,1955,1963,1-4,TOT,NFL,66,27,177,633,3.58,2,9.6
161,Blaine Gabbert,2011,2018,1-10,TOT,NFL,56,48,177,631,3.56,3,11.3
162,Mark Malone,1980,1989,1-28,TOT,NFL,73,54,159,628,3.95,18,8.6
163,Craig Morton,1965,1982,1-5 10-75AFL,TOT,NFL,207,144,215,627,2.92,12,3.0
164,Tony Romo,2004,2016,,DAL,NFL,156,127,238,620,2.61,5,4.0
165,Joe Kapp,1967,1970,18-209,TOT,NFL,51,48,119,611,5.13,5,12.0
166,Marc Wilson,1980,1990,1-15,TOT,NFL,126,60,141,611,4.33,5,4.8
167,Pat Haden,1976,1981,7-176,RAM,NFL,65,55,124,609,4.91,6,9.4
168,Philip Rivers,2004,2019,1-4,SDG,NFL,224,220,363,604,1.66,3,2.7
169,Bobby Hebert,1985,1996,,TOT,NFL,118,100,195,602,3.09,1,5.1
170,Jim Everett,1986,1997,1-3,TOT,NFL,158,153,257,596,2.32,4,3.8
171,Len Barnum,1938,1942,2-12,TOT,NFL,52,21,239,590,2.47,3,11.3
172,Brian Griese,1998,2008,3-91,TOT,NFL,93,83,238,582,2.45,5,6.3
173,Randy Johnson,1966,1976,1-16 4-27AFL,TOT,NFL,75,49,114,573,5.03,10,7.6
174,Kyle Boller,2003,2011,1-19,TOT,NFL,67,47,176,572,3.25,2,8.5
175,Eli Manning,2004,2019,1-1,NYG,NFL,234,232,313,568,1.81,7,2.4
176,Tim Couch,1999,2003,1-1,CLE,NFL,62,59,124,556,4.48,2,9.0
177,Kirk Cousins,2012,2019,4-102,TOT,NFL,89,84,194,552,2.85,15,6.2
178,Eric Hipple,1980,1989,4-85,DET,NFL,102,57,145,550,3.79,13,5.4
179,Bill Munson,1964,1979,1-7 16-126AFL,TOT,NFL,107,66,130,548,4.22,3,5.1
180,Bubby Brister,1986,2000,3-67,TOT,NFL,99,75,191,546,2.86,8,5.5
181,Jack Myers,1948,1952,5-33,TOT,NFL,48,23,125,541,4.33,3,11.3
182,Charley Johnson,1961,1975,10-109 8-63AFL,TOT,NFL,165,124,196,539,2.75,10,3.3
183,Dick Poillon,1942,1949,,WAS,NFL,54,28,186,535,2.88,4,9.9
184,Cotton Davidson,1954,1968,1-5,TOT,TOT,111,53,129,533,4.13,11,4.8
185,Tommy Kramer,1977,1990,1-27,TOT,NFL,129,110,214,531,2.48,8,4.1
186,Milt Plum,1957,1969,2-17,TOT,NFL,129,103,217,531,2.45,13,4.1
187,Mike Tomczak,1985,1999,,TOT,NFL,185,73,198,526,2.66,9,2.8
188,Norm Snead,1961,1976,1-2 5-35AFL,TOT,NFL,178,159,212,521,2.46,23,2.9
189,Quincy Carter,2001,2004,2-53,TOT,NFL,38,34,152,518,3.41,3,13.6
190,Timm Rosenbach,1989,1992,1-2,CRD,NFL,26,20,101,507,5.02,3,19.5
191,Tony Eason,1983,1990,1-15,TOT,NFL,90,51,134,503,3.75,6,5.6
192,Colt McCoy,2010,2019,3-85,TOT,NFL,39,28,130,497,3.82,2,12.7
193,Steve Beuerlein,1988,2003,4-110,TOT,NFL,147,102,225,496,2.20,5,3.4
194,Sonny Jurgensen,1957,1974,4-43,TOT,NFL,218,147,181,493,2.72,15,2.3
195,J.P. Losman,2004,2011,1-22,TOT,NFL,45,33,105,490,4.67,3,10.9
196,Cade McNown,1999,2000,1-12,CHI,NFL,25,15,82,486,5.93,3,19.4
197,Scott Mitchell,1991,2001,4-93,TOT,NFL,99,71,172,485,2.82,11,4.9
198,Joe Reed,1972,1979,11-283,TOT,NFL,50,19,84,484,5.76,2,9.7
199,Danny White,1976,1988,3-53,DAL,NFL,166,92,159,482,3.03,8,2.9
200,Jacoby Brissett,2016,2019,3-91,TOT,NFL,34,28,130,477,3.67,8,14.0
201,Dan Fouts,1973,1987,3-64,SDG,NFL,181,171,224,476,2.13,13,2.6
202,Carson Palmer,2004,2017,1-1,TOT,NFL,182,181,301,474,1.57,8,2.6
203,Frank Reagan,1941,1951,3-22,TOT,NFL,68,24,114,469,4.11,6,6.9
204,Tyler Thigpen,2007,2014,7-217,TOT,NFL,29,12,79,469,5.94,3,16.2
205,Chad Pennington,2000,2010,1-18,TOT,NFL,89,81,180,465,2.58,7,5.2
206,Derek Carr,2014,2019,2-36,RAI,NFL,90,90,170,463,2.72,2,5.1
207,DeShone Kizer,2017,2018,2-52,TOT,NFL,18,15,82,458,5.59,5,25.4
208,Mark Sanchez,2009,2018,1-5,TOT,NFL,79,73,170,457,2.69,13,5.8
209,David Klingler,1992,1997,1-6,TOT,NFL,33,24,74,456,6.16,0,13.8
210,Shaun King,1999,2004,2-50,TOT,NFL,34,24,113,454,4.02,5,13.4
211,Jeff Kemp,1981,1991,,TOT,NFL,96,29,109,448,4.11,1,4.7
212,Patrick Mahomes,2017,2019,1-10,KAN,NFL,27,27,92,448,4.87,3,16.6
213,Kyler Murray,2019,2019,1-1,CRD,NFL,12,12,71,446,6.28,4,37.2
214,Neil O'Donnell,1991,2003,3-70,TOT,NFL,125,100,215,446,2.07,4,3.6
215,Teddy Bridgewater,2014,2019,1-32,TOT,NFL,42,34,127,440,3.46,4,10.5
216,George Shaw,1955,1962,1-1,TOT,TOT,71,31,130,431,3.32,6,6.1
217,Don Trull,1964,1969,9-117 14-111AFL,TOT,AFL,77,18,123,428,3.48,14,5.6
218,Case Keenum,2012,2019,,TOT,NFL,65,61,130,427,3.28,5,6.6
219,Gary Wood,1964,1969,8-109 17-132AFL,TOT,NFL,63,9,75,425,5.67,6,6.7
220,Kent Graham,1992,2001,8-211,TOT,NFL,81,38,121,424,3.50,5,5.2
221,Tom Yewcic,1961,1966,27-319,NWE,AFL,77,6,72,424,5.89,4,5.5
222,Dennis Shaw,1970,1975,2-30,TOT,NFL,50,37,95,420,4.42,0,8.4
223,M.C. Reynolds,1958,1962,,TOT,TOT,40,9,88,419,4.76,4,10.5
224,Byron Leftwich,2003,2012,1-7,TOT,NFL,60,50,137,415,3.03,10,6.9
225,Bob Berry,1965,1975,11-142 26-201AFL,TOT,NFL,78,52,109,409,3.75,4,5.2
226,Mike McMahon,2001,2005,5-149,TOT,NFL,29,14,82,409,4.99,7,14.1
227,Joey Harrington,2002,2007,1-3,TOT,NFL,81,76,142,402,2.83,0,5.0
228,Ray Lucas,1996,2002,,TOT,NFL,55,15,102,396,3.88,4,7.2
229,Josh Johnson,2009,2018,5-160,TOT,NFL,33,8,67,394,5.88,1,11.9
230,Ken O'Brien,1984,1993,1-24,TOT,NFL,129,110,174,394,2.26,0,3.1
231,Nick Foles,2012,2019,3-88,TOT,NFL,58,48,129,390,3.02,5,6.7
232,Elvis Grbac,1994,2001,8-219,TOT,NFL,105,70,163,388,2.38,7,3.7
233,George Mira,1964,1971,2-15 18-137AFL,TOT,NFL,60,8,50,379,7.58,0,6.3
234,Bud Schwenk,1942,1948,3-19,TOT,TOT,37,11,145,376,2.59,4,10.2
235,Akili Smith,1999,2002,1-3,CIN,NFL,22,17,70,371,5.30,1,16.9
236,James Harris,1969,1979,8-192,TOT,TOT,83,41,121,367,3.03,10,4.4
237,Jim Ninowski,1958,1969,4-49,TOT,NFL,89,31,92,367,3.99,10,4.1
238,Norris Weese,1976,1979,4-99,DEN,NFL,57,7,69,362,5.25,5,6.4
239,Chad Henne,2008,2018,2-57,TOT,NFL,68,53,123,358,2.91,3,5.3
240,Matt Schaub,2004,2019,3-90,TOT,NFL,153,93,192,358,1.86,4,2.3
241,Stan Humphries,1989,1997,6-159,TOT,NFL,88,81,150,356,2.37,7,4.0
242,Bob Gagliano,1982,1992,12-319,TOT,NFL,32,13,93,352,3.78,4,11.0
243,Bob Snyder,1937,1943,,TOT,NFL,60,19,161,348,2.16,1,5.8
244,Charlie Frye,2005,2009,3-67,TOT,NFL,26,23,72,347,4.82,4,13.3
245,George Blanda,1949,1975,12-119,TOT,TOT,340,106,135,344,2.55,9,1.0
246,Sam Bradford,2010,2018,1-1,TOT,NFL,83,83,146,340,2.33,2,4.1
247,EJ Manuel,2013,2017,1-16,TOT,NFL,30,18,96,339,3.53,4,11.3
248,Marlin Briscoe,1968,1976,14-357,TOT,TOT,105,74,49,336,6.86,3,3.2
249,Bob Davis,1967,1973,2-30,TOT,TOT,40,14,52,332,6.38,2,8.3
250,Trent Edwards,2007,2012,3-92,TOT,NFL,38,33,78,330,4.23,3,8.7
251,Bruce Gradkowski,2006,2014,6-194,TOT,NFL,37,20,88,329,3.74,0,8.9
252,Jake Delhomme,1999,2011,,TOT,NFL,103,96,175,328,1.87,7,3.2
253,Gary Marangi,1974,1976,3-70,BUF,NFL,19,7,50,328,6.56,2,17.3
254,Shaun Hill,2005,2016,,TOT,NFL,49,35,91,326,3.58,4,6.7
255,Joe Webb,2010,2018,6-199,TOT,NFL,102,4,50,326,6.52,4,3.2
256,Sammy Baugh,1937,1952,1-6,WAS,NFL,165,83,324,325,1.00,9,2.0
257,Todd Blackledge,1983,1989,1-7,TOT,NFL,46,29,81,325,4.01,2,7.1
258,Adrian Burk,1950,1956,1-2,TOT,NFL,82,42,122,324,2.66,7,4.0
259,Taysom Hill,2017,2019,,NOR,NFL,33,6,53,323,6.09,3,9.8
260,Billy Joe Tolliver,1989,1999,2-51,TOT,NFL,79,47,99,320,3.23,5,4.1
261,Gus Frerotte,1994,2008,7-197,TOT,NFL,147,93,197,315,1.60,6,2.1
262,Zeke Bratkowski,1954,1971,2-17,TOT,NFL,132,49,92,308,3.35,5,2.3
263,King Hill,1958,1969,1-1,TOT,NFL,123,29,88,308,3.50,9,2.5
264,Tom Flores,1960,1969,,TOT,AFL,106,68,82,307,3.74,5,2.9
265,Jeff George,1990,2001,1-1,TOT,NFL,131,124,168,307,1.83,2,2.3
266,Karl Sweetan,1966,1970,18-249,TOT,NFL,36,19,56,306,5.46,2,8.5
267,Sam Wyche,1968,1976,,TOT,TOT,47,9,45,303,6.73,3,6.4
268,John Fourcade,1987,1990,,NOR,NFL,24,11,48,302,6.29,2,12.6
269,Marc Bulger,2002,2009,6-168,RAM,NFL,96,95,118,300,2.54,8,3.1
270,Mike Rae,1976,1979,8-205,TOT,NFL,28,8,44,300,6.82,2,10.7
271,Kyle Orton,2005,2014,4-106,TOT,NFL,87,82,126,296,2.35,4,3.4
272,Donald Hollas,1991,1998,4-99,TOT,NFL,32,8,61,295,4.84,1,9.2
273,Jim Finks,1949,1955,12-116,PIT,NFL,79,66,118,294,2.49,12,3.7
274,Seneca Wallace,2005,2013,4-110,TOT,NFL,64,22,68,293,4.31,1,4.6
275,Bobby Thomason,1949,1957,1-7,TOT,NFL,85,44,94,290,3.09,6,3.4
276,Turk Schonert,1981,1989,9-242,TOT,NFL,72,12,73,288,3.95,4,4.0
277,Clyde LeForce,1947,1949,19-194,DET,NFL,32,5,59,287,4.86,1,9.0
278,Kurt Warner,1998,2009,,TOT,NFL,124,116,173,286,1.65,3,2.3
279,Jeff Driskel,2018,2019,6-207,TOT,NFL,12,8,47,281,5.98,3,23.4
280,Bob Waters,1960,1963,7-83,SFO,NFL,30,2,65,281,4.32,3,9.4
281,Stoney Case,1995,2000,3-80,TOT,NFL,20,6,60,270,4.50,5,13.5
282,Brett Hundley,2016,2019,5-147,TOT,NFL,16,9,39,268,6.87,2,16.8
283,Brock Osweiler,2012,2018,2-57,TOT,NFL,49,30,92,266,2.89,4,5.4
284,Mickey Slaughter,1963,1966,7-50 7-50AFL,DEN,AFL,40,19,70,266,3.80,1,6.7
285,Bernie Kosar,1985,1996,1-1,TOT,NFL,126,108,180,265,1.47,5,2.1
286,Jack Thompson,1979,1984,1-3,TOT,NFL,51,21,70,262,3.74,6,5.1
287,Hugh Millen,1987,1995,3-71,TOT,NFL,40,25,65,260,4.00,1,6.5
288,Johnny Manziel,2014,2015,1-22,CLE,NFL,15,8,46,259,5.63,1,17.3
289,Steve Spurrier,1967,1976,1-3,TOT,NFL,106,38,61,258,4.23,2,2.4
290,Steve Bono,1985,1999,6-142,TOT,NFL,88,42,125,257,2.06,7,2.9
291,Ed Rutkowski,1963,1968,,BUF,AFL,83,3,69,250,3.62,1,3.0
292,Bruce Mathison,1983,1987,10-272,TOT,NFL,18,9,34,245,7.21,1,13.6
293,Roy Zimmerman,1940,1948,7-58,TOT,NFL,84,49,200,244,1.22,6,2.9
294,Gardner Minshew,2019,2019,6-178,JAX,NFL,10,8,44,243,5.52,0,24.3
295,Bob Celeri,1951,1952,10-127,TOT,NFL,19,12,53,242,4.57,0,12.7
296,David Whitehurst,1977,1983,8-206,GNB,NFL,54,37,77,242,3.14,7,4.5
297,Daniel Jones,2019,2019,1-6,NYG,NFL,11,10,39,241,6.18,2,21.9
298,Steve Bartkowski,1975,1986,1-1,TOT,NFL,129,127,178,239,1.34,11,1.9
299,Gary Kubiak,1983,1991,8-197,DEN,NFL,119,5,65,238,3.66,2,2.0
300,Oliver Luck,1983,1986,2-44,OTI,NFL,20,9,44,237,5.39,1,11.9
301,Mike Micka,1944,1948,1-8,TOT,NFL,54,21,69,231,3.35,0,4.3
302,Troy Smith,2007,2010,5-174,TOT,NFL,20,8,52,230,4.42,3,11.5
303,Boley Dancewicz,1946,1948,1-1,BYK,NFL,23,2,65,229,3.52,2,10.0
304,Kevin Kolb,2007,2012,2-36,TOT,NFL,34,21,69,229,3.32,2,6.7
305,Kellen Clemens,2006,2017,2-49,TOT,NFL,64,21,85,227,2.67,3,3.5
306,Derek Anderson,2006,2018,6-213,TOT,NFL,78,49,102,226,2.22,5,2.9
307,Bob Avellini,1975,1984,6-135,CHI,NFL,73,50,104,225,2.16,5,3.1
308,Bucky Richardson,1992,1994,8-220,OTI,NFL,16,4,33,225,6.82,1,14.1
309,Mike Boryla,1974,1978,4-87,TOT,NFL,23,19,43,224,5.21,2,9.7
310,Anthony Wright,2000,2007,,TOT,NFL,31,19,80,221,2.76,0,7.1
311,Drew Stanton,2008,2017,2-43,TOT,NFL,38,17,80,220,2.75,2,5.8
312,Abe Karnofsky,1945,1946,,TOT,NFL,19,9,77,218,2.83,3,11.5
313,Jacky Lee,1960,1969,6-61,TOT,AFL,100,23,72,218,3.03,3,2.2
314,Cody Carlson,1988,1994,3-64,OTI,NFL,45,19,81,217,2.68,4,4.8
315,Erik Kramer,1987,1999,,TOT,NFL,83,67,153,217,1.42,5,2.6
316,Andre Ware,1990,1993,1-7,DET,NFL,14,6,38,217,5.71,0,15.5
317,Baker Mayfield,2018,2019,1-1,CLE,NFL,26,25,57,215,3.77,2,8.3
318,Al Woodall,1969,1974,2-52,NYJ,TOT,31,19,60,214,3.57,0,6.9
319,Matt Cavanaugh,1979,1991,2-50,TOT,NFL,112,19,60,213,3.55,3,1.9
320,Terry Baker,1963,1965,1-1 12-90AFL,RAM,NFL,18,5,58,210,3.62,1,11.7
321,Jim Hart,1966,1984,,TOT,NFL,201,180,159,207,1.30,16,1.0
322,C.J. Beathard,2017,2018,3-104,SFO,NFL,13,10,45,205,4.56,4,15.8
323,Scott Hunter,1971,1979,6-140,TOT,NFL,64,42,95,204,2.15,13,3.2
324,Craig Erickson,1992,1997,5-131,TOT,NFL,52,36,77,201,2.61,1,3.9
325,Steve DeBerg,1978,1998,10-275,TOT,NFL,206,140,204,200,0.98,7,1.0
326,Brandon Weeden,2012,2018,1-22,TOT,NFL,35,25,62,200,3.23,1,5.7
327,Heath Shuler,1994,1997,1-3,TOT,NFL,29,22,67,198,2.96,1,6.8
328,Bob Lee,1969,1980,17-441,TOT,NFL,77,30,92,197,2.14,3,2.6
329,John Reaves,1972,1987,1-14,TOT,NFL,51,17,44,195,4.43,3,3.8
330,Jared Goff,2016,2019,1-1,RAM,NFL,50,50,101,193,1.91,6,3.9
331,Bill Kenney,1980,1988,12-333,KAN,NFL,106,77,123,191,1.55,5,1.8
332,Danny Wuerffel,1997,2002,4-99,TOT,NFL,25,10,31,189,6.10,1,7.6
333,Tom Tupa,1988,2004,3-68,TOT,NFL,220,13,53,187,3.53,1,0.9
334,Scott Bull,1976,1978,6-177,SFO,NFL,36,7,49,186,3.80,3,5.2
335,Jack Trudeau,1986,1995,2-47,TOT,NFL,67,49,97,186,1.92,3,2.8
336,Sam Darnold,2018,2019,1-3,NYJ,NFL,22,22,66,185,2.80,3,8.4
337,Tommy Mont,1947,1949,12-114,WAS,NFL,27,2,26,185,7.12,1,6.9
338,Brady Quinn,2007,2012,1-22,TOT,NFL,24,20,44,185,4.20,1,7.7
339,Trevor Siemian,2015,2019,7-250,TOT,NFL,27,25,60,183,3.05,1,6.8
340,Jim Youel,1946,1948,,TOT,NFL,23,6,45,183,4.07,3,8.0
341,Mike Moroski,1979,1986,6-154,TOT,NFL,69,9,37,182,4.92,2,2.6
342,John Skelton,2010,2012,5-155,CRD,NFL,20,17,42,182,4.33,0,9.1
343,Ty Detmer,1993,2003,9-230,TOT,NFL,54,25,72,177,2.46,3,3.3
344,Luke McCown,2004,2015,4-106,TOT,NFL,62,10,34,177,5.21,0,2.9
345,Gary Cuozzo,1963,1972,,TOT,NFL,82,40,76,176,2.32,1,2.1
346,Kevin Hogan,2016,2017,5-162,CLE,NFL,8,1,18,176,9.78,1,22.0
347,Ted Marchibroda,1953,1957,1-5,TOT,NFL,30,11,50,176,3.52,3,5.9
348,JaMarcus Russell,2007,2009,1-1,RAI,NFL,31,25,40,175,4.38,1,5.6
349,Randy Wright,1984,1988,6-153,GNB,NFL,46,32,55,173,3.15,3,3.8
350,Scott Campbell,1984,1990,7-191,TOT,NFL,45,13,43,170,3.95,2,3.8
351,Mark Rypien,1988,2001,6-146,TOT,NFL,104,78,127,166,1.31,8,1.6
352,Rabbit Keen,1937,1938,,PHI,NFL,9,,37,164,4.43,0,18.2
353,Gary Hogeboom,1980,1989,5-133,TOT,NFL,79,37,83,161,1.94,4,2.0
354,Art Schlichter,1982,1985,1-4,CLT,NFL,13,6,22,161,7.32,1,12.4
355,Dick Shiner,1964,1974,7-87 20-155AFL,TOT,NFL,99,29,58,161,2.78,2,1.6
356,Matt Kofler,1982,1985,2-48,TOT,NFL,41,1,20,159,7.95,1,3.9
357,Joe Francis,1958,1959,5-51,GNB,NFL,24,1,26,158,6.08,1,6.6
358,Bobby Hoying,1996,2000,3-85,TOT,NFL,22,13,42,156,3.71,0,7.1
359,Pat Ryan,1978,1991,11-281,TOT,NFL,145,19,53,156,2.94,1,1.1
360,Charlie Whitehurst,2006,2016,3-81,TOT,NFL,26,9,56,156,2.79,2,6.0
361,Tony Adams,1975,1987,14-343,TOT,NFL,53,10,38,155,4.08,0,2.9
362,Brooks Bollinger,2004,2008,6-200,TOT,NFL,21,10,41,155,3.78,0,7.4
363,Richie Lucas,1960,1961,1-4,BUF,AFL,22,9,48,153,3.19,2,7.0
364,Jack Scarbath,1953,1956,1-3,TOT,NFL,29,11,43,153,3.56,0,5.3
365,Todd Collins,1995,2010,2-45,TOT,NFL,50,21,83,152,1.83,0,3.0
366,Jonathan Quinn,1998,2004,3-86,TOT,NFL,17,6,25,151,6.04,1,8.9
367,Josh Rosen,2018,2019,1-10,TOT,NFL,20,16,26,151,5.81,0,7.6
368,Randy Dean,1977,1979,5-117,NYG,NFL,23,3,22,150,6.82,1,6.5
370,Damon Huard,1998,2008,,TOT,NFL,64,27,52,148,2.85,0,2.3
371,Chris Weinke,2001,2007,4-106,TOT,NFL,29,20,54,148,2.74,6,5.1
372,Joe Pisarcik,1977,1984,,TOT,NFL,61,30,65,147,2.26,5,2.4
373,Travis Tidwell,1950,1951,1-7,NYG,NFL,14,4,40,147,3.68,2,10.5
374,Kent Nix,1967,1972,,TOT,NFL,46,18,43,145,3.37,2,3.2
375,J.T. O'Sullivan,2004,2009,6-186,TOT,NFL,17,8,39,145,3.72,0,8.5
376,Pete Liske,1964,1972,10-130 15-115AFL,TOT,TOT,48,29,38,141,3.71,2,2.9
377,Jack Jacobs,1942,1949,2-12,TOT,NFL,55,23,94,140,1.49,2,2.5
378,Cody Kessler,2016,2018,3-93,TOT,NFL,17,12,31,140,4.52,0,8.2
379,Joe Namath,1965,1977,1-12 1-1AFL,TOT,TOT,140,129,71,140,1.97,7,1.0
380,Ray Mallouf,1941,1949,10-83,TOT,NFL,48,10,66,139,2.11,1,2.9
381,Red Cochran,1947,1949,8-66,CRD,NFL,36,8,37,138,3.73,2,3.8
382,Mike Kruczek,1976,1980,2-47,TOT,NFL,36,7,37,138,3.73,2,3.8
383,Scott Brunner,1980,1985,6-145,TOT,NFL,73,30,72,137,1.90,1,1.9
384,George Wilson,1966,1966,20-277,MIA,AFL,14,7,27,137,5.07,0,9.8
385,Scott Secules,1989,1993,6-151,TOT,NFL,57,4,24,136,5.67,1,2.4
386,Mike Taliaferro,1964,1972,10-138 28-219AFL,TOT,TOT,82,32,46,134,2.91,0,1.6
387,Rusty Lisch,1980,1984,4-89,TOT,NFL,30,2,20,130,6.50,0,4.3
388,Tommy Maddox,1992,2005,1-25,TOT,NFL,92,36,68,128,1.88,1,1.4
389,Ryan Leaf,1998,2001,1-2,TOT,NFL,25,21,59,127,2.15,0,5.1
390,Eric Zeier,1995,2000,3-84,TOT,NFL,28,12,43,127,2.95,0,4.5
391,Babe Laufenberg,1986,1990,6-168,TOT,NFL,16,7,33,126,3.82,0,7.9
392,Bill Mackrides,1947,1953,3-19,TOT,NFL,46,4,70,124,1.77,3,2.7
393,Warren Rabb,1960,1962,2-15,TOT,TOT,30,10,50,124,2.48,3,4.1
394,Lynn Dickey,1971,1985,3-56,TOT,NFL,152,111,140,121,0.86,9,0.8
395,Billy Joe Hobert,1995,1999,3-58,TOT,NFL,29,17,33,121,3.67,1,4.2
396,Jeff Komlo,1979,1983,9-231,TOT,NFL,25,16,38,121,3.18,2,4.8
397,Tom Dublinski,1952,1960,8-93,TOT,TOT,29,5,28,118,4.21,1,4.1
398,Brian Hoyer,2009,2019,,TOT,NFL,68,38,102,117,1.15,2,1.7
399,Matt Robinson,1977,1982,9-227,TOT,NFL,69,20,58,117,2.02,4,1.7
400,Jerry Tagge,1972,1974,1-11,GNB,NFL,18,12,41,117,2.85,3,6.5
401,Ron Vander Kelen,1963,1967,21-163 21-163AFL,MIN,NFL,29,5,26,116,4.46,1,4.0
402,Anthony Dilweg,1989,1990,3-74,GNB,NFL,10,7,21,114,5.43,0,11.4
403,Bob Williams,1951,1955,1-2,CHI,NFL,29,7,29,112,3.86,0,3.9
404,Quinn Gray,2005,2008,,TOT,NFL,12,4,25,111,4.44,2,9.3
405,Rudy Bukich,1953,1968,2-24,TOT,NFL,103,41,112,109,0.97,9,1.1
406,Curtis Painter,2009,2013,6-201,TOT,NFL,14,8,23,109,4.74,0,7.8
407,Stan Gelbaugh,1989,1996,6-150,TOT,NFL,20,12,28,108,3.86,0,5.4
408,Steve Ramsey,1970,1976,5-126,TOT,NFL,54,31,33,108,3.27,2,2.0
409,T.J. Rubley,1993,1995,9-228,TOT,NFL,10,7,31,108,3.48,0,10.8
410,T.J. Yates,2011,2017,5-152,TOT,NFL,22,10,28,107,3.82,1,4.9
411,Rex Grossman,2003,2012,1-22,TOT,NFL,54,47,81,106,1.31,4,2.0
412,Cleo Lemon,2005,2008,,TOT,NFL,16,8,36,106,2.94,4,6.6
413,Blair Kiel,1984,1991,11-281,TOT,NFL,25,3,16,105,6.56,1,4.2
414,Henry Burris,2002,2002,,CHI,NFL,6,1,15,104,6.93,0,17.3
415,Parnell Dickinson,1976,1976,7-183,TAM,NFL,8,1,13,103,7.92,0,12.9
416,Charlie O'Rourke,1942,1949,5-39,TOT,TOT,58,19,96,103,1.07,4,1.8
417,Jimmy Clausen,2010,2015,2-48,TOT,NFL,22,14,37,102,2.76,0,4.6
418,Chase Daniel,2010,2019,,TOT,NFL,65,5,50,102,2.04,0,1.6
419,Stephen McGee,2010,2011,4-101,DAL,NFL,3,1,17,102,6.00,0,34.0
420,Kyle Mackey,1987,1989,11-296,TOT,NFL,7,4,19,101,5.32,2,14.4
421,Shane Matthews,1996,2004,,TOT,NFL,31,22,43,101,2.35,1,3.3
422,Frank Tripucka,1949,1963,1-9,TOT,TOT,75,56,43,101,2.35,6,1.3
423,Bob Brodhead,1960,1960,12-144,BUF,AFL,4,1,15,100,6.67,0,25.0
424,Jimmy Garoppolo,2014,2019,2-62,TOT,NFL,38,22,84,100,1.19,2,2.6
425,Doug Pederson,1993,2004,,TOT,NFL,100,17,61,100,1.64,0,1.0
426,Steve Stenstrom,1996,1999,4-134,TOT,NFL,17,10,22,100,4.55,2,5.9
427,Terry Hanratty,1969,1976,2-30,TOT,NFL,50,18,21,99,4.71,1,2.0
428,John Roach,1956,1964,3-31,TOT,NFL,64,23,42,99,2.36,2,1.5
429,Caleb Hanie,2009,2012,,TOT,NFL,10,4,14,97,6.93,0,9.7
430,Randy Fasani,2002,2002,5-137,CAR,NFL,4,1,18,95,5.28,0,23.8
431,Sage Rosenfels,2002,2010,4-109,TOT,NFL,44,12,48,95,1.98,1,2.2
432,Todd Bouman,2001,2010,,TOT,NFL,44,7,23,94,4.09,0,2.1
433,Tom Sherman,1968,1969,,TOT,AFL,19,7,27,94,3.48,0,4.9
434,Matt Moore,2007,2019,,TOT,NFL,54,32,70,93,1.33,2,1.7
435,Jeff Rutledge,1979,1992,9-246,TOT,NFL,117,10,52,93,1.79,1,0.8
436,Ken Stabler,1970,1984,2-52,TOT,NFL,184,146,118,93,0.79,4,0.5
437,Rusty Hilger,1985,1991,6-143,TOT,NFL,23,14,35,91,2.60,0,4.0
438,Jerry Rhome,1965,1971,13-172 25-195AFL,TOT,NFL,71,7,26,91,3.50,1,1.3
439,Ken Casanega,1946,1948,3-16,SFO,AAFC,15,5,29,90,3.10,1,6.0
440,Jim Gaffney,1945,1946,15-149,WAS,NFL,12,5,26,90,3.46,0,7.5
441,Mike Glennon,2013,2019,3-73,TOT,NFL,29,22,43,90,2.09,0,3.1
442,Tom Hodson,1990,1995,3-59,TOT,NFL,36,12,21,90,4.29,0,2.5
443,Butch Songin,1960,1962,19-247,TOT,AFL,35,20,23,90,3.91,2,2.6
444,Ray Buivid,1937,1938,1-3,CHI,NFL,17,6,51,89,1.75,0,5.2
445,Matt Leinart,2006,2012,1-10,TOT,NFL,33,18,47,89,1.89,2,2.7
446,Bill Nelsen,1963,1972,10-136,TOT,NFL,90,74,84,89,1.06,2,1.0
447,Gifford Nielsen,1978,1983,3-73,OTI,NFL,55,14,29,89,3.07,0,1.6
448,Alan Pastrana,1969,1970,11-270,DEN,TOT,7,3,14,89,6.36,1,12.7
449,Patrick Ramsey,2002,2008,1-32,TOT,NFL,37,24,47,89,1.89,2,2.4
450,Chuck Long,1986,1991,1-12,TOT,NFL,27,21,34,88,2.59,0,3.3
451,Dan Marino,1983,1999,1-27,MIA,NFL,242,240,301,87,0.29,9,0.4
452,Wayne Clark,1970,1975,8-198,TOT,NFL,40,5,16,86,5.38,1,2.2
453,Gary Huff,1973,1978,2-33,TOT,NFL,57,28,50,86,1.72,2,1.5
454,Chad Hutchinson,2002,2004,,TOT,NFL,15,14,26,85,3.27,0,5.7
455,John Rauch,1949,1951,1-2,TOT,NFL,27,3,12,84,7.00,1,3.1
456,Reino Nori,1937,1938,,TOT,NFL,7,1,27,82,3.04,0,11.7
457,Tom Ramsey,1986,1989,10-267,TOT,NFL,28,5,21,82,3.90,1,2.9
458,Steve Tensi,1965,1970,16-224 4-30AFL,TOT,TOT,56,34,47,82,1.74,0,1.5
459,Pat White,2009,2009,2-44,MIA,NFL,13,0,21,81,3.86,0,6.2
460,Scott Zolak,1992,1999,4-84,TOT,NFL,55,7,38,81,2.13,0,1.5
461,Johnny Green,1960,1963,21-247,TOT,AFL,30,19,52,79,1.52,6,2.6
462,Marques Tuiasosopo,2001,2008,2-59,RAI,NFL,13,2,17,79,4.65,0,6.1
463,Sam Etcheverry,1961,1962,,CRD,NFL,28,13,41,78,1.90,0,2.8
464,Jeff Lewis,1996,2000,4-100,TOT,NFL,12,0,21,78,3.71,0,6.5
465,Frank Reich,1985,1998,3-57,TOT,NFL,118,20,91,78,0.86,0,0.7
466,George Cafego,1940,1945,1-1,TOT,NFL,35,20,155,77,0.50,1,2.2
467,Vince Ferragamo,1977,1986,4-91,TOT,NFL,75,53,60,77,1.28,3,1.0
468,Ryan Finley,2019,2019,4-104,CIN,NFL,3,3,10,77,7.70,0,25.7
469,Tim Rattay,2000,2007,7-212,TOT,NFL,40,18,45,77,1.71,0,1.9
470,Dwayne Haskins,2019,2019,1-15,WAS,NFL,6,4,16,76,4.75,0,12.7
471,Gary Kerkorian,1952,1956,19-222,TOT,NFL,32,10,30,76,2.53,2,2.4
472,Spergon Wynn,2000,2001,6-183,TOT,NFL,10,3,11,76,6.91,0,7.6
473,Kelly Stouffer,1988,1992,1-6,SEA,NFL,22,16,30,75,2.50,0,3.4
474,George Herring,1960,1961,16-184,DEN,AFL,28,3,15,74,4.93,2,2.6
475,Bryce Petty,2016,2017,4-103,NYJ,NFL,10,7,12,74,6.17,0,7.4
476,Alan Risher,1985,1987,,TOT,NFL,19,3,12,74,6.17,1,3.9
477,Bobby Scott,1973,1981,14-340,NOR,NFL,41,14,30,74,2.47,1,1.8
478,Reggie Collier,1986,1987,6-162,TOT,NFL,6,1,10,73,7.30,0,12.2
479,Lee Grosscup,1960,1962,1-10,TOT,TOT,16,4,13,73,5.62,0,4.6
480,Nathan Peterman,2017,2018,5-171,BUF,NFL,8,4,17,73,4.29,1,9.1
481,Jesse Freitas,1974,1975,6-133,SDG,NFL,13,7,17,72,4.24,0,5.5
482,Jim Hardy,1946,1952,1-8,TOT,NFL,69,21,52,72,1.38,2,1.0
483,Tommy O'Connell,1953,1961,18-212,TOT,TOT,45,21,61,72,1.18,4,1.6
484,Kyle Allen,2018,2019,,CAR,NFL,12,11,24,71,2.96,2,5.9
485,Steve Dils,1979,1988,4-97,TOT,NFL,106,27,45,71,1.58,1,0.7
486,Dave Walter,1987,1987,11-307,CIN,NFL,3,2,16,70,4.38,0,23.3
487,Matt Flynn,2008,2014,7-209,TOT,NFL,53,7,65,69,1.06,1,1.3
488,Mike Hold,1987,1987,,TAM,NFL,2,0,7,69,9.86,0,34.5
489,John Hufnagel,1974,1975,14-348,DEN,NFL,9,1,10,69,6.90,0,7.7
490,Erik Wilhelm,1989,1996,3-83,CIN,NFL,22,1,19,69,3.63,0,3.1
491,Austin Davis,2012,2017,,TOT,NFL,16,10,24,68,2.83,0,4.3
492,Browning Nagle,1991,1996,2-34,TOT,NFL,24,14,26,68,2.62,0,2.8
493,Craig Whelihan,1997,1998,6-197,SDG,NFL,19,14,31,67,2.16,0,3.5
494,Mike Koken,1933,1933,,CRD,NFL,9,4,27,65,2.41,0,7.2
495,Terry Nofsinger,1961,1967,17-230,TOT,NFL,24,6,31,65,2.10,3,2.7
496,Joe Gilliam,1972,1975,11-273,PIT,NFL,20,7,22,64,2.91,1,3.2
497,Sam Adkins,1977,1981,10-254,SEA,NFL,11,0,14,63,4.50,0,5.7
498,Mark Miller,1978,1979,3-68,CLE,NFL,10,0,8,61,7.63,1,6.1
499,Hunter Enis,1960,1962,,TOT,AFL,38,3,27,60,2.22,5,1.6
500,J.J. Jones,1975,1975,,NYJ,NFL,7,1,9,59,6.56,0,8.4
501,Eddie Wilson,1962,1965,2-24 3-19AFL,TOT,AFL,56,2,23,59,2.57,1,1.1
502,Rick Arrington,1970,1972,,PHI,NFL,17,5,10,58,5.80,1,3.4
503,Doug Johnson,2000,2004,,TOT,NFL,25,11,32,58,1.81,2,2.3
504,Jeff Carlson,1990,1992,4-102,TOT,NFL,7,3,17,57,3.35,0,8.1
505,Bruce Lemmerman,1968,1969,,ATL,NFL,11,2,11,57,5.18,1,5.2
506,Jim Root,1953,1956,23-268,CRD,NFL,20,8,43,57,1.33,3,2.9
507,Scott Tolzien,2012,2017,,TOT,NFL,10,4,16,57,3.56,1,5.7
508,Dennis Dixon,2008,2014,5-156,TOT,NFL,4,3,10,56,5.60,1,14.0
509,Mike Hohensee,1987,1987,,CHI,NFL,2,2,9,56,6.22,0,28.0
510,John Beck,2007,2011,2-40,TOT,NFL,9,7,19,55,2.89,3,6.1
511,Thaddeus Lewis,2012,2014,,TOT,NFL,7,6,25,55,2.20,1,7.9
512,Paxton Lynch,2016,2017,1-26,DEN,NFL,5,4,16,55,3.44,0,11.0
513,Pat Sullivan,1972,1975,2-40,ATL,NFL,30,4,14,55,3.93,0,1.8
514,Jeff Brohm,1996,1997,,SFO,NFL,8,0,20,54,2.70,0,6.8
515,Al Dekdebrun,1946,1948,9-72,TOT,AAFC,32,13,54,54,1.00,0,1.7
516,Alex Van Pelt,1995,2003,8-216,BUF,NFL,31,11,32,53,1.66,1,1.7
517,John Huarte,1966,1972,6-76 2-12AFL,TOT,TOT,24,1,12,52,4.33,0,2.2
518,Dan Darragh,1968,1970,13-336,BUF,TOT,17,11,20,51,2.55,0,3.0
519,Tony Graziani,1997,1999,7-204,ATL,NFL,18,5,16,51,3.19,0,2.8
520,Dave Ragone,2003,2003,3-88,HTX,NFL,2,2,6,51,8.50,0,25.5
521,Don Breaux,1963,1965,,TOT,AFL,23,2,12,49,4.08,0,2.1
522,Carlos Brown,1975,1976,12-296,GNB,NFL,26,3,12,49,4.08,0,1.9
523,A.J. Feeley,2001,2011,5-155,TOT,NFL,28,18,37,49,1.32,1,1.8
524,Bob Holly,1983,1985,11-291,TOT,NFL,10,0,7,49,7.00,1,4.9
525,Todd Hons,1987,1987,,DET,NFL,3,3,5,49,9.80,0,16.3
526,Danny Kanell,1996,2003,4-130,TOT,NFL,43,24,44,49,1.11,0,1.1
527,Kim McQuilken,1974,1979,3-69,TOT,NFL,26,7,19,49,2.58,0,1.9
528,Larry Rakestraw,1966,1968,8-112 11-87AFL,CHI,NFL,13,4,21,49,2.33,2,3.8
529,George Ratterman,1947,1956,16-139,TOT,TOT,92,46,106,49,0.46,14,0.5
530,Andrew Walter,2006,2008,3-69,RAI,NFL,15,9,19,49,2.58,0,3.3
531,Brock Huard,2000,2003,3-77,TOT,NFL,8,4,9,48,5.33,0,6.0
532,Cliff Lewis,1946,1951,21-200,CLE,TOT,71,23,54,48,0.89,1,0.7
533,Chris Simms,2004,2009,3-97,TOT,NFL,23,16,33,48,1.45,1,2.1
534,Bradlee Van Pelt,2005,2005,7-250,DEN,NFL,3,0,11,48,4.36,1,16.0
535,Cody Pickett,2004,2005,7-217,SFO,NFL,6,2,14,47,3.36,0,7.8
536,Steve Walsh,1989,1999,1-1,TOT,NFL,80,38,80,47,0.59,1,0.6
537,Edd Hargett,1969,1973,16-397,TOT,NFL,49,8,18,46,2.56,1,0.9
538,Jim LeClair,1967,1968,16-241,DEN,AFL,8,4,20,46,2.30,1,5.8
539,Max Choboian,1966,1966,,DEN,AFL,14,7,21,45,2.14,2,3.2
540,Mark Stevens,1987,1987,,SFO,NFL,2,0,10,45,4.50,1,22.5
541,Dick Wood,1962,1966,12-144,TOT,AFL,60,33,26,45,1.73,4,0.8
542,Tom Greene,1960,1961,,TOT,AFL,11,2,7,44,6.29,0,4.0
543,Todd Marinovich,1991,1992,1-24,RAI,NFL,8,8,12,44,3.67,0,5.5
544,George Terlep,1946,1948,,TOT,AAFC,35,5,41,44,1.07,1,1.3
545,Jim Camp,1948,1948,8-65,BDA,AAFC,12,3,8,43,5.38,0,3.6
546,Troy Taylor,1990,1991,4-84,NYJ,NFL,7,0,9,43,4.78,1,6.1
547,Tommy Wade,1964,1965,,PIT,NFL,5,2,8,43,5.38,0,8.6
548,Randy Duncan,1961,1961,1-1,KAN,AFL,14,2,5,42,8.40,0,3.0
549,Mason Rudolph,2019,2019,3-76,PIT,NFL,9,8,19,42,2.21,0,4.7
550,Kevin Sweeney,1987,1988,7-180,DAL,NFL,6,4,11,42,3.82,0,7.0
551,Ricky Turner,1988,1988,,CLT,NFL,4,0,16,42,2.63,2,10.5
552,Mickey Kobrosky,1937,1937,5-44,NYG,NFL,7,,13,41,3.15,0,5.9
553,Craig Krenzel,2004,2004,5-148,CHI,NFL,6,5,18,41,2.28,0,6.8
554,Don Milan,1975,1975,,GNB,NFL,7,1,4,41,10.25,0,5.9
555,Rick Neuheisel,1987,1987,,SDG,NFL,3,2,6,41,6.83,1,13.7
556,Rick Norton,1966,1970,2-29 1-2AFL,TOT,TOT,32,11,19,41,2.16,0,1.3
557,Kay Stephenson,1967,1968,,TOT,AFL,17,3,6,41,6.83,0,2.4
558,Norm Van Brocklin,1949,1960,4-37,TOT,NFL,140,101,102,40,0.39,11,0.3
559,Brandon Allen,2019,2019,6-201,DEN,NFL,3,3,10,39,3.90,0,13.0
560,Jeff Christensen,1983,1987,5-137,TOT,NFL,4,2,12,39,3.25,0,9.8
561,Matt Mauck,2005,2005,7-225,OTI,NFL,2,1,7,39,5.57,0,19.5
562,Shawn Moore,1992,1992,11-284,DEN,NFL,3,0,8,39,4.88,0,13.0
563,Matt Simms,2013,2014,,NYJ,NFL,4,0,6,39,6.50,0,9.8
564,Dieter Brock,1985,1985,,RAM,NFL,15,15,20,38,1.90,0,2.5
565,Larry Cipa,1974,1975,15-373,NOR,NFL,8,3,18,37,2.06,1,4.6
566,Tim Hasselbeck,2002,2007,,TOT,NFL,12,5,18,37,2.06,0,3.1
567,Larry Lawrence,1974,1976,,TOT,NFL,9,2,6,36,6.00,0,4.0
568,Tee Martin,2001,2003,5-163,TOT,NFL,3,0,6,36,6.00,0,12.0
569,Doug Nussmeier,1996,1997,4-116,NOR,NFL,5,2,11,36,3.27,0,7.2
570,Tom Owen,1974,1981,13-322,TOT,NFL,26,9,19,36,1.89,1,1.4
571,Ken Stofer,1946,1946,,BBA,AAFC,11,1,16,36,2.25,0,3.3
572,Brian Dowling,1972,1977,11-277,TOT,NFL,27,0,7,35,5.00,3,1.3
573,Randy Hedberg,1977,1977,8-196,TAM,NFL,7,4,9,35,3.89,0,5.0
574,Mike Kirkland,1978,1978,5-143,CLT,NFL,16,2,8,35,4.38,0,2.2
575,Dan Manucci,1979,1987,5-116,BUF,NFL,19,1,7,35,5.00,0,1.8
576,Steve Romanik,1950,1954,3-36,TOT,NFL,38,14,27,35,1.30,3,0.9
577,Dan Orlovsky,2005,2015,5-145,TOT,NFL,27,12,13,34,2.62,0,1.3
578,Taylor Heinicke,2017,2018,,TOT,NFL,7,1,6,33,5.50,0,4.7
579,Ed Mioduszewski,1953,1953,18-217,CLT,NFL,12,2,3,33,11.00,0,2.8
580,Frank Seurer,1986,1987,3-76,KAN,NFL,9,2,9,33,3.67,0,3.7
581,Harold Stephens,1962,1962,,NYJ,AFL,6,,6,33,5.50,0,5.5
582,John Witkowski,1984,1988,6-160,DET,NFL,5,1,8,33,4.13,0,6.6
583,Glenn Foley,1994,1999,7-208,TOT,NFL,21,9,19,32,1.68,0,1.5
584,Sammy Garza,1987,1987,8-216,CRD,NFL,2,1,8,31,3.88,1,15.5
585,Devlin Hodges,2019,2019,,PIT,NFL,4,2,13,31,2.38,0,7.8
586,Brent Pease,1987,1988,11-295,OTI,NFL,20,3,23,31,1.35,2,1.6
587,Ed Rubbert,1987,1987,,WAS,NFL,3,3,9,31,3.44,0,10.3
588,Koy Detmer,1998,2006,7-207,PHI,NFL,104,8,31,30,0.97,1,0.3
589,Kelly Holcomb,1997,2007,,TOT,NFL,37,24,43,30,0.70,1,0.8
590,Greg McElroy,2012,2012,7-208,NYJ,NFL,2,1,8,30,3.75,0,15.0
591,Walt Rankin,1941,1947,,CRD,NFL,50,23,22,30,1.36,0,0.6
592,John Friesz,1990,2000,6-138,TOT,NFL,69,38,53,29,0.55,0,0.4
593,A.J. McCarron,2014,2019,5-164,TOT,NFL,14,3,17,29,1.71,0,2.1
594,Moses Moreno,1998,2000,7-232,TOT,NFL,9,3,9,29,3.22,0,3.2
595,Eagle Day,1959,1960,17-203,WAS,NFL,16,2,6,28,4.67,0,1.8
596,Chuck Fusina,1979,1986,5-133,TOT,NFL,14,0,11,28,2.55,0,2.0
597,David Humm,1975,1984,5-128,TOT,NFL,95,1,16,28,1.75,0,0.3
598,Nick Papac,1961,1961,,RAI,AFL,14,,6,28,4.67,1,2.0
599,Sean Payton,1987,1987,,CHI,NFL,3,0,1,28,28.00,0,9.3
600,Tim Van Galder,1972,1972,6-88,CRD,NFL,5,5,9,28,3.11,0,5.6
601,Billy Volek,2001,2011,,TOT,NFL,39,10,57,28,0.49,2,0.7
602,Bill Hutchinson,1942,1942,,NYG,NFL,2,,7,27,3.86,0,13.5
603,Matt McGloin,2013,2016,,RAI,NFL,13,7,16,27,1.69,0,2.1
604,Ron Miller,1962,1962,3-41 21-168AFL,RAM,NFL,6,1,3,27,9.00,0,4.5
605,Cliff Olander,1977,1979,5-128,SDG,NFL,15,1,8,27,3.38,0,1.8
606,Mark Reed,1983,1983,8-207,CLT,NFL,1,0,2,27,13.50,0,27.0
607,Clint Stoerner,2000,2001,,DAL,NFL,5,2,9,27,3.00,1,5.4
608,Jeb Blount,1977,1977,2-50,TAM,NFL,5,4,5,26,5.20,0,5.2
609,Galen Hall,1962,1963,,TOT,TOT,16,2,11,26,2.36,2,1.6
610,Carl Brumbaugh,1930,1938,,TOT,NFL,96,49,63,25,0.40,1,0.3
611,Chon Gallegos,1962,1962,,RAI,AFL,6,,3,25,8.33,0,4.2
612,Stan Heath,1949,1949,1-5,GNB,NFL,12,1,10,25,2.50,1,2.1
613,Chris Redman,2000,2011,3-75,TOT,NFL,31,12,33,25,0.76,0,0.8
614,John Stofa,1966,1970,,TOT,TOT,27,9,17,25,1.47,1,0.9
615,Tommy Thompson,1940,1950,,TOT,NFL,99,46,293,25,0.09,6,0.3
616,Dameyune Craig,2000,2001,,CAR,NFL,6,0,5,24,4.80,0,4.0
617,Don Heinrich,1954,1962,3-35,TOT,TOT,56,34,27,24,0.89,5,0.4
618,Jerry Niles,1947,1947,,NYG,NFL,4,,8,24,3.00,0,6.0
619,Jim Ward,1967,1971,14-215,TOT,NFL,13,0,5,23,4.60,0,1.8
620,Dave Wilson,1981,1988,1-1,NOR,NFL,53,31,45,23,0.51,2,0.4
621,Joe Dufek,1983,1984,,BUF,NFL,10,5,9,22,2.44,1,2.2
622,Gil Johnson,1949,1949,11-93,NAA,AAFC,9,,3,21,7.00,0,2.3
623,Gary Lane,1966,1968,9-125,TOT,NFL,18,1,2,21,10.50,0,1.2
624,Clint Longley,1974,1976,1-1,TOT,NFL,9,2,11,21,1.91,0,2.3
625,Craig Penrose,1976,1979,4-107,DEN,NFL,18,4,7,21,3.00,0,1.2
626,Paul Rickards,1948,1948,,RAM,NFL,3,,2,21,10.50,0,7.0
627,Bob Waterfield,1945,1952,5-42,RAM,NFL,91,57,75,21,0.28,13,0.2
628,Will Furrer,1992,1995,4-107,TOT,NFL,9,2,8,20,2.50,0,2.2
629,Gale Gilbert,1985,1995,,TOT,NFL,58,4,24,20,0.83,0,0.3
720,Neil Graff,1974,1977,16-414,TOT,NFL,29,2,7,5,0.71,0,0.2
630,Glynn Griffing,1963,1963,4-54 14-111AFL,NYG,NFL,13,,5,20,4.00,0,1.5
631,Tyler Palko,2010,2011,,KAN,NFL,8,4,7,20,2.86,0,2.5
632,Jesse Palmer,2002,2003,4-125,NYG,NFL,8,3,5,20,4.00,0,2.5
633,Nate Sudfeld,2017,2018,6-187,PHI,NFL,3,0,3,20,6.67,0,6.7
634,Joe Barnes,1974,1974,13-316,CHI,NFL,3,0,1,19,19.00,0,6.3
635,Leo Hart,1971,1972,3-59,TOT,NFL,3,1,5,19,3.80,0,6.3
636,Steve Pisarkiewicz,1978,1980,1-19,TOT,NFL,10,4,16,19,1.19,0,1.9
637,Gary Beban,1968,1969,2-30,WAS,NFL,5,0,5,18,3.60,0,3.6
638,Adrian Breen,1987,1987,,CIN,NFL,2,1,6,18,3.00,0,9.0
639,Ken Dorsey,2004,2008,7-241,TOT,NFL,17,13,11,18,1.64,0,1.1
640,Don Strock,1974,1988,5-111,TOT,NFL,167,22,57,18,0.32,2,0.1
641,Ben Bennett,1987,1987,6-148,CIN,NFL,1,0,2,17,8.50,0,17.0
642,Dean Carlson,1974,1974,7-179,KAN,NFL,1,0,2,17,8.50,0,17.0
643,Mike Kelley,1987,1987,6-149,SDG,NFL,3,1,4,17,4.25,0,5.7
644,Jeff Tuel,2013,2014,,BUF,NFL,2,1,3,17,5.67,0,8.5
645,Dewey Warren,1968,1968,6-155,CIN,AFL,7,4,4,17,4.25,0,2.4
646,Fred Benners,1952,1952,8-97,NYG,NFL,6,,5,16,3.20,0,2.7
647,Jim Del Gaizo,1972,1974,,TOT,NFL,16,6,8,16,2.00,0,1.0
648,Tom Kennedy,1966,1966,,NYG,NFL,6,1,5,16,3.20,0,2.7
649,Jamie Martin,1996,2007,,TOT,NFL,53,8,44,16,0.36,0,0.3
650,Dave Mays,1976,1978,,TOT,NFL,12,4,9,16,1.78,0,1.3
651,Bill Troup,1974,1980,,TOT,NFL,43,11,30,16,0.53,2,0.4
652,Travis Brown,2000,2003,,TOT,NFL,4,0,2,15,7.50,0,3.8
653,Glenn Carano,1978,1983,2-54,DAL,NFL,36,1,12,15,1.25,0,0.4
654,Brodie Croyle,2006,2010,3-85,KAN,NFL,18,10,10,15,1.50,0,0.8
655,Jarious Jackson,2000,2003,7-214,DEN,NFL,5,1,7,15,2.14,0,3.0
656,June Jones,1977,1981,,ATL,NFL,17,5,17,15,0.88,0,0.9
657,Drew Lock,2019,2019,2-42,DEN,NFL,1,1,3,15,5.00,0,15.0
658,Sean Salisbury,1987,1996,,TOT,NFL,40,12,30,15,0.50,0,0.4
659,Jack Del Bello,1953,1953,,CLT,NFL,5,,14,14,1.00,0,2.8
660,Kevin Ingram,1987,1987,,NOR,NFL,2,0,2,14,7.00,0,7.0
661,Mike Kerrigan,1983,1984,,NWE,NFL,2,0,1,14,14.00,0,7.0
662,Peter Tom Willis,1990,1993,3-63,CHI,NFL,21,3,5,14,2.80,0,0.7
663,Paul Collins,1945,1945,2-14,CRD,NFL,3,1,10,13,1.30,0,4.3
664,Kurt Kittner,2003,2003,5-158,ATL,NFL,7,4,8,13,1.63,0,1.9
665,Bob Ptacek,1959,1959,8-87,CLE,NFL,12,,3,13,4.33,0,1.1
666,Cooper Rush,2017,2019,,DAL,NFL,4,0,2,13,6.50,0,3.3
667,Dennis Claridge,1965,1966,3-39 26-201AFL,TOT,NFL,8,3,7,12,1.71,0,1.5
668,Paul Larson,1957,1960,8-86,TOT,TOT,6,0,8,12,1.50,0,2.0
669,Zach Mettenberger,2014,2015,6-178,OTI,NFL,14,10,14,12,0.86,1,0.9
670,Bob Naponic,1970,1970,10-256,OTI,NFL,2,0,3,12,4.00,0,6.0
671,Carl Summerell,1974,1975,4-80,NYG,NFL,10,0,5,12,2.40,0,1.2
672,Gino Torretta,1993,1996,7-192,TOT,NFL,2,0,2,12,6.00,0,6.0
673,Ermal Allen,1947,1947,3-18,CLE,AAFC,12,,7,11,1.57,0,0.9
674,Joshua Dobbs,2018,2018,4-135,PIT,NFL,5,0,4,11,2.75,0,2.2
675,Jason Garrett,1993,2000,,TOT,NFL,25,9,33,11,0.33,0,0.4
676,Paul Held,1954,1955,19-229,TOT,NFL,10,,4,11,2.75,0,1.1
677,Buddy Humphrey,1959,1966,2-16,TOT,TOT,26,5,4,11,2.75,0,0.4
678,Paul Justin,1995,1999,7-190,TOT,NFL,34,10,17,11,0.65,0,0.3
679,Steve Myer,1977,1979,4-93,SEA,NFL,12,4,9,11,1.22,0,0.9
680,Craig Nall,2003,2007,5-164,GNB,NFL,7,0,10,11,1.10,0,1.6
681,Steve Nemeth,1945,1947,,TOT,TOT,26,6,5,11,2.20,0,0.4
682,Willie Totten,1987,1987,,BUF,NFL,2,1,12,11,0.92,0,5.5
683,Dick Jamieson,1960,1961,25-291,NYJ,AFL,14,1,2,10,5.00,0,0.7
684,Steve Matthews,1997,1998,7-199,TOT,NFL,3,1,1,10,10.00,0,3.3
685,Ed Baker,1972,1972,,OTI,NFL,1,0,1,9,9.00,0,9.0
686,Richard Bartel,2010,2011,,CRD,NFL,3,0,1,9,9.00,0,3.0
687,Norm Cox,1946,1947,31-291,CRA,AAFC,5,,2,9,4.50,0,1.8
688,Charley Eikenberg,1948,1948,18-176,CRD,NFL,9,1,2,9,4.50,0,1.0
689,Scotty Glacken,1966,1967,7-62 7-62AFL,DEN,AFL,10,1,3,9,3.00,0,0.9
690,Dean Look,1962,1962,20-231,NYJ,AFL,1,,2,9,4.50,0,9.0
691,Mike Machurek,1984,1984,6-154,DET,NFL,4,0,1,9,9.00,0,2.3
692,Connor Shaw,2014,2014,,CLE,NFL,1,1,7,9,1.29,0,9.0
693,David Fales,2014,2019,6-183,TOT,NFL,5,0,5,8,1.60,1,1.6
694,Jesse Freitas,1946,1949,7-63,TOT,AAFC,31,9,39,8,0.21,0,0.3
695,Matt Lytle,2000,2001,,TOT,NFL,4,1,2,8,4.00,0,2.0
696,Ray Nagel,1953,1953,,CRD,NFL,4,2,4,8,2.00,0,2.0
697,Bernard Quarles,1987,1987,,RAM,NFL,1,0,1,8,8.00,0,8.0
698,Cory Sauter,2002,2002,,CHI,NFL,1,0,2,8,4.00,0,8.0
699,Tom Savage,2014,2017,4-135,HTX,NFL,13,9,16,8,0.50,0,0.6
700,Sam Vacanti,1947,1949,21-218,TOT,AAFC,39,16,25,8,0.32,3,0.2
701,Larry Weldon,1944,1945,,WAS,NFL,12,,8,8,1.00,0,0.7
702,Wayne Gift,1937,1937,,RAM,NFL,10,1,3,7,2.33,0,0.7
703,Drew Henson,2004,2008,6-192,TOT,NFL,9,1,1,7,7.00,0,0.8
704,Buckets Hirsch,1947,1949,16-161,BBA,AAFC,34,2,4,7,1.75,0,0.2
705,Ryan Lindley,2012,2015,6-185,TOT,NFL,10,6,4,7,1.75,0,0.7
706,Matt Stevens,1987,1987,,KAN,NFL,3,2,3,7,2.33,0,2.3
707,Rick Strom,1989,1991,,PIT,NFL,10,0,8,7,0.88,0,0.7
708,Manch Wheeler,1962,1962,,BUF,AFL,4,,3,7,2.33,0,1.8
709,Harvey White,1960,1960,,NWE,AFL,9,2,5,7,1.40,0,0.8
710,B.J. Daniels,2014,2015,7-237,TOT,NFL,8,0,6,6,1.00,0,0.8
711,Paul McDonald,1980,1986,4-109,TOT,NFL,85,21,37,6,0.16,1,0.1
712,Dan McGwire,1991,1995,1-16,TOT,NFL,13,5,14,6,0.43,0,0.5
713,Keith Null,2009,2009,6-196,RAM,NFL,4,4,5,6,1.20,0,1.5
714,James Ritchey,1997,1997,,OTI,NFL,1,0,1,6,6.00,0,6.0
715,Jeff Van Raaphorst,1987,1987,,ATL,NFL,2,1,1,6,6.00,0,3.0
716,Dave Barr,1995,1995,4-119,RAM,NFL,2,0,1,5,5.00,0,2.5
717,Jim Crocicchia,1987,1987,,NYG,NFL,1,1,4,5,1.25,0,5.0
718,Alex Espinoza,1987,1987,,KAN,NFL,1,0,1,5,5.00,0,5.0
719,Tom Flick,1981,1986,4-90,TOT,NFL,21,3,6,5,0.83,1,0.2
721,Craig Kupp,1991,1991,5-135,CRD,NFL,1,0,1,5,5.00,0,5.0
722,Johnny Long,1944,1945,,CHI,NFL,12,8,26,5,0.19,0,0.4
723,Rick McIvor,1984,1985,3-80,CRD,NFL,6,0,3,5,1.67,0,0.8
724,David Norrie,1987,1987,11-291,NYJ,NFL,2,2,5,5,1.00,0,2.5
725,Mike Norseth,1988,1988,7-174,CIN,NFL,1,0,1,5,5.00,0,5.0
726,Frank Patrick,1970,1972,10-251,GNB,NFL,4,0,2,5,2.50,0,1.3
727,Todd Philcox,1990,1997,,TOT,NFL,15,5,4,5,1.25,1,0.3
728,Solly Sherman,1939,1940,18-166,CHI,NFL,14,3,11,5,0.45,0,0.4
729,Ronnie Lee South,1968,1968,5-115,NOR,NFL,4,,4,5,1.25,0,1.3
730,Walter Briggs,1987,1987,,NYJ,NFL,1,0,1,4,4.00,0,4.0
731,Mike Ernst,1972,1973,,TOT,NFL,2,0,1,4,4.00,0,2.0
732,Doug Gaynor,1986,1986,4-99,CIN,NFL,1,0,1,4,4.00,0,4.0
733,Jared Lorenzen,2006,2007,,NYG,NFL,4,0,2,4,2.00,0,1.0
734,Brian McClure,1987,1987,12-313,BUF,NFL,1,1,2,4,2.00,0,4.0
735,Jim Miller,1995,2002,6-178,TOT,NFL,37,27,55,4,0.07,0,0.1
736,Nick Sacrinty,1947,1947,17-172,CHI,NFL,11,,4,4,1.00,0,0.4
737,Bob Trocolor,1942,1944,,TOT,NFL,14,,35,4,0.11,0,0.3
738,Arnie Galiffa,1953,1954,18-225,TOT,NFL,7,1,6,3,0.50,0,0.4
739,Don Horn,1967,1974,1-25,TOT,NFL,57,15,18,3,0.17,1,0.1
740,Ken Karcher,1987,1988,,DEN,NFL,4,3,9,3,0.33,0,0.8
741,Val Keckin,1962,1962,11-152,SDG,AFL,6,,1,3,3.00,0,0.5
742,Hal Ledyard,1953,1953,9-104,SFO,NFL,10,,1,3,3.00,0,0.3
743,Charlie Milstead,1960,1961,14-160,OTI,AFL,22,,3,3,1.00,0,0.1
744,Jordan Palmer,2008,2014,6-205,TOT,NFL,5,0,2,3,1.50,0,0.6
745,Tim Riordan,1987,1987,3-73,NOR,NFL,1,0,1,3,3.00,0,3.0
746,Charley Sarratt,1948,1948,12-101,DET,NFL,8,1,3,3,1.00,0,0.4
747,Brett Basanez,2006,2006,,CAR,NFL,1,0,1,2,2.00,0,2.0
748,Rich Campbell,1981,1984,1-6,GNB,NFL,7,0,2,2,1.00,0,0.3
749,Brad Goebel,1991,1994,,TOT,NFL,7,2,1,2,2.00,0,0.3
750,Mike Loyd,1980,1980,,CRD,NFL,5,1,6,2,0.33,0,0.4
751,Perry Moss,1948,1948,13-111,GNB,NFL,6,1,5,2,0.40,0,0.3
752,Don Panciera,1949,1952,4-41,TOT,TOT,26,13,14,2,0.14,0,0.1
753,Steve Sloan,1966,1967,11-156,ATL,NFL,8,1,1,2,2.00,0,0.3
754,Scott Tinsley,1987,1987,,PHI,NFL,3,3,4,2,0.50,0,0.7
755,David Blough,2019,2019,,DET,NFL,1,1,1,1,1.00,0,1.0
756,Trevone Boykin,2016,2016,,SEA,NFL,5,0,8,1,0.13,0,0.2
757,Will Cureton,1975,1975,,CLE,NFL,1,1,1,1,1.00,0,1.0
758,Bob DeMoss,1949,1949,2-13,NYY,NFL,3,,5,1,0.20,0,0.3
759,Bill Glenn,1944,1944,17-159,CHI,NFL,2,,1,1,1.00,0,0.5
760,Chris Greisen,1999,2000,7-239,CRD,NFL,5,0,1,1,1.00,0,0.2
761,Terry Nugent,1987,1987,6-158,CLT,NFL,1,0,2,1,0.50,0,1.0
762,Bob Schweickert,1965,1967,3-29 4-28AFL,NYJ,AFL,6,0,1,1,1.00,0,0.2
763,Bob Scrabis,1960,1962,,NYJ,AFL,24,,1,1,1.00,1,0.0
764,Don Allard,1961,1962,1-4,TOT,AFL,5,0,0,0,,0,0.0
765,Billy Guy Anderson,1967,1967,19-261,OTI,AFL,8,0,0,0,,0,0.0
766,Kent Austin,1986,1986,12-312,CRD,NFL,16,0,1,0,0.00,0,0.0
767,Richard Badar,1967,1967,,PIT,NFL,1,0,0,0,,0,0.0
768,Pat Barnes,1999,1999,4-110,SFO,NFL,1,0,0,0,,0,0.0
769,Greg Barton,1969,1969,9-229,DET,NFL,1,,0,0,,0,0.0
770,Guy Benjamin,1978,1983,2-51,TOT,NFL,19,0,3,0,0.00,0,0.0
771,Matt Blanchard,2012,2014,,TOT,NFL,0,,0,0,,0,
772,Ed Blount,1987,1987,,SFO,NFL,1,0,1,0,0.00,0,0.0
773,Matt Blundin,1993,1997,2-40,TOT,NFL,3,0,0,0,,0,0.0
774,John Borton,1957,1957,13-157,CLE,NFL,5,,0,0,,0,0.0
775,Charlie Brackins,1955,1955,16-185,GNB,NFL,7,,0,0,,0,0.0
776,Craig Bradshaw,1980,1980,7-182,OTI,NFL,2,0,0,0,,0,0.0
777,Tom Brandstater,2011,2011,6-174,RAM,NFL,1,0,0,0,,0,0.0
778,Tyler Bray,2014,2017,,KAN,NFL,1,0,1,0,0.00,0,0.0
779,Levi Brown,2010,2010,7-209,BUF,NFL,1,0,0,0,,0,0.0
780,Johnny Bryan,1922,1927,,TOT,NFL,57,34,0,0,,7,0.0
781,Ed Burns,1979,1980,,NOR,NFL,18,0,0,0,,0,0.0
782,Mike Busch,1987,1987,,NYG,NFL,2,1,0,0,,0,0.0
783,Joe Callahan,2017,2017,,GNB,NFL,1,0,0,0,,0,0.0
784,Rudy Carpenter,2011,2011,,TAM,NFL,1,0,0,0,,0,0.0
785,Ernie Case,1947,1947,1-6,BCL,AAFC,14,10,1,0,0.00,0,0.0
786,Ed Chlebek,1963,1963,,NYJ,AFL,2,,0,0,,0,0.0
787,Bryan Clark,1984,1984,9-251,CIN,NFL,1,0,0,0,,0,0.0
788,Tom Clements,1980,1980,,KAN,NFL,1,0,2,0,0.00,0,0.0
789,B.J. Coleman,2012,2012,7-243,GNB,NFL,,,0,0,,0,
790,Connor Cook,2016,2016,4-100,RAI,NFL,1,0,0,0,,0,0.0
791,Russ Cotton,1942,1942,13-113,PIT,NFL,11,,0,0,,0,0.0
792,Dominique Davis,2012,2014,,TOT,NFL,2,0,0,0,,0,0.0
793,Benjy Dial,1967,1967,13-188,PHI,NFL,1,,0,0,,0,0.0
794,Tom Dimitroff,1960,1960,25-294,NWE,AFL,3,,0,0,,0,0.0
795,Bill Donckers,1976,1977,,CRD,NFL,6,0,0,0,,0,0.0
796,Paddy Driscoll,1920,1929,,TOT,TOT,118,103,0,0,,25,0.0
797,Tom Duniven,1977,1977,6-160,OTI,NFL,1,0,0,0,,0,0.0
798,Zac Dysert,2014,2014,7-234,DEN,NFL,0,,0,0,,0,
799,Mike Elkins,1989,1989,2-32,KAN,NFL,1,0,0,0,,0,0.0
800,Luke Falk,2019,2019,6-199,NYJ,NFL,3,2,0,0,,0,0.0
801,Dick Flowers,1953,1953,,CLT,NFL,1,,0,0,,0,0.0
802,Brendan Folmar,1987,1987,,DET,NFL,1,0,0,0,,0,0.0
803,Jeff Francis,1990,1990,6-140,CLE,NFL,1,0,0,0,,0,0.0
804,Bill Garnaas,1946,1948,6-44,PIT,NFL,26,3,0,0,,0,0.0
805,Don Gault,1970,1970,,CLE,NFL,2,1,0,0,,0,0.0
806,Joe Germaine,1999,1999,4-101,RAM,NFL,3,0,3,0,0.00,0,0.0
807,Sonny Gibbs,1964,1964,2-18 14-106AFL,DET,NFL,2,,0,0,,0,0.0
808,Willie Gillus,1987,1987,,GNB,NFL,1,0,0,0,,0,0.0
809,Garrett Grayson,2015,2015,3-75,NOR,NFL,1,0,0,0,,0,0.0
810,Charlie Green,1966,1966,13-103 13-103AFL,RAI,AFL,14,,0,0,,0,0.0
811,Ryan Griffin,2014,2014,,NOR,NFL,0,,0,0,,0,
812,Andy Hall,2005,2005,6-185,PHI,NFL,1,0,0,0,,0,0.0
813,Jim Haluska,1956,1956,30-354,CHI,NFL,5,,0,0,,0,0.0
814,Gibran Hamdan,2003,2003,7-232,WAS,NFL,1,0,0,0,,0,0.0
815,Kim Hammond,1968,1969,6-142,TOT,AFL,6,,1,0,0.00,0,0.0
816,Chandler Harnish,2012,2014,7-253,TOT,NFL,0,,0,0,,0,
817,Mark Hartsell,2000,2000,,CHI,NFL,1,0,0,0,,0,0.0
818,Dan Henning,1966,1966,,SDG,AFL,1,0,0,0,,0,0.0
819,Rob Hertel,1978,1978,5-131,CIN,NFL,3,0,1,0,0.00,0,0.0
820,Bob Hewko,1983,1983,,TAM,NFL,2,0,0,0,,0,0.0
821,Dick Horn,1958,1958,17-194,CLT,NFL,5,,0,0,,0,0.0
822,Marty Horn,1987,1987,,PHI,NFL,1,0,1,0,0.00,0,0.0
823,Arnie Horween,1921,1924,,CRD,TOT,32,24,0,0,,4,0.0
824,Doug Hudson,1987,1987,7-186,KAN,NFL,1,1,1,0,0.00,0,0.0
825,David Jaynes,1974,1974,3-66,KAN,NFL,2,0,1,0,0.00,0,0.0
826,Neal Jeffrey,1976,1976,17-423,SDG,NFL,5,0,1,0,0.00,0,0.0
827,Jimmy Jemail,1921,1921,,NG1,APFA,1,1,0,0,,0,0.0
828,Steve Joachim,1976,1976,7-160,NYJ,NFL,1,0,0,0,,0,0.0
829,Al Johnson,1948,1948,14-121,PHI,NFL,5,,0,0,,0,0.0
830,Bill Joyce,1920,1920,,DHR,APFA,1,1,0,0,,0,0.0
831,Mike Kafka,2011,2014,4-122,TOT,NFL,4,0,3,0,0.00,0,0.0
832,Kliff Kingsbury,2005,2005,6-201,NYJ,NFL,1,0,0,0,,0,0.0
833,G.J. Kinne,2014,2014,,PHI,NFL,0,,0,0,,0,
834,Perry Klein,1994,1994,4-111,ATL,NFL,2,0,0,0,,0,0.0
835,Greg Knafelc,1983,1983,,NOR,NFL,6,0,0,0,,0,0.0
836,Jeff Knapple,1980,1980,,DEN,NFL,2,0,6,0,0.00,0,0.0
837,Ronnie Knox,1957,1957,3-37,CHI,NFL,1,0,0,0,,0,0.0
838,John Ksionzyk,1947,1947,,RAM,NFL,3,,0,0,,0,0.0
839,Irv Kupcinet,1935,1935,,PHI,NFL,2,1,0,0,,0,0.0
840,Porter Lainhart,1933,1933,,PHI,NFL,1,,0,0,,0,0.0
841,Bernie Lee,1938,1938,,2TM,NFL,5,1,0,0,,0,0.0
842,Dave Leggett,1955,1955,7-74,CRD,NFL,4,,0,0,,0,0.0
843,Seth Lobato,2014,2014,,MIA,NFL,0,,0,0,,0,
844,Lou Mahrt,1926,1927,,DAY,NFL,8,8,0,0,,0,0.0
845,Mark Manges,1978,1978,4-105,CRD,NFL,1,0,0,0,,0,0.0
846,Ralph Marston,1929,1929,,PTB,NFL,1,1,0,0,,0,0.0
847,Monte McGuire,1987,1987,,DEN,NFL,2,0,0,0,,0,0.0
848,Pete Mikolajewski,1969,1969,,SDG,AFL,1,,0,0,,0,0.0
849,Scott Milanovich,1996,1996,,TAM,NFL,1,0,0,0,,0,0.0
850,Mark Miller,1987,1987,,BUF,NFL,1,0,0,0,,0,0.0
851,Stephen Morris,2014,2014,,JAX,NFL,0,,0,0,,0,
852,Dennis Morrison,1974,1974,14-357,SFO,NFL,3,2,1,0,0.00,0,0.0
853,George Munns,1921,1921,,CCL,APFA,4,4,0,0,,0,0.0
854,Tyler Murphy,2015,2015,,PIT,NFL,2,0,0,0,,0,0.0
855,Aaron Murray,2014,2014,5-163,KAN,NFL,0,,0,0,,0,
856,Tom Myers,1965,1966,4-46 12-89AFL,DET,NFL,2,,0,0,,0,0.0
857,John Navarre,2004,2005,7-202,CRD,NFL,2,1,0,0,,0,0.0
858,Dick Norman,1961,1961,5-57 5-36AFL,CHI,NFL,3,0,0,0,,0,0.0
859,Mike Nott,1976,1976,,KAN,NFL,1,0,0,0,,0,0.0
860,Pard Pearce,1920,1925,,TOT,TOT,42,19,0,0,,2,0.0
861,Mike Perrie,1939,1939,17-153,RAM,NFL,2,0,0,0,,0,0.0
862,Tony Pike,2010,2010,6-204,CAR,NFL,1,0,0,0,,0,0.0
863,Wally Richardson,1998,1998,7-234,RAV,NFL,1,0,1,0,0.00,0,0.0
864,Archie Roberts,1967,1967,7-51 7-51AFL,MIA,AFL,1,,0,0,,0,0.0
865,Tony Robinson,1987,1987,,WAS,NFL,1,0,2,0,0.00,0,0.0
866,Milt Romney,1923,1928,,TOT,NFL,73,41,0,0,,5,0.0
867,Jeff Rowe,2007,2007,5-151,CIN,NFL,2,0,0,0,,0,0.0
868,Jake Rudock,2017,2017,6-191,DET,NFL,3,0,0,0,,0,0.0
869,Benny Russell,1968,1968,17-252,BUF,AFL,1,,0,0,,0,0.0
870,Tony Sacca,1992,1992,2-46,CRD,NFL,2,0,0,0,,0,0.0
871,Frank Santora,1944,1944,,BYK,NFL,1,,0,0,,0,0.0
872,Henry Schichtle,1964,1964,6-81,NYG,NFL,1,0,0,0,,0,0.0
873,Nick Scollard,1946,1949,2-12,TOT,NFL,47,28,0,0,,0,0.0
874,Nick Sebek,1950,1950,25-248,WAS,NFL,2,,0,0,,0,0.0
875,Joe Shield,1986,1986,11-294,GNB,NFL,3,0,0,0,,0,0.0
876,Rusty Smith,2010,2012,6-176,OTI,NFL,3,1,0,0,,0,0.0
877,Loren Snyder,1987,1987,,DAL,NFL,2,0,2,0,0.00,0,0.0
878,Brad Sorensen,2014,2014,7-221,2TM,NFL,0,,0,0,,0,
879,Jim Sorgi,2004,2009,6-193,CLT,NFL,16,0,31,0,0.00,0,0.0
880,Dennis Sproul,1978,1978,8-200,GNB,NFL,6,0,2,0,0.00,0,0.0
881,Scott Stankavage,1984,1987,,TOT,NFL,4,0,0,0,,0,0.0
882,Nick Stephens,2012,2012,,DAL,NFL,,,0,0,,0,
883,Dutch Sternaman,1920,1927,,CHI,TOT,93,67,0,0,,14,0.0
884,Joey Sternaman,1922,1930,,TOT,NFL,101,79,0,0,,20,0.0
885,Billy Stevens,1968,1969,3-67,GNB,NFL,3,,0,0,,0,0.0
886,Anton Stolfa,1939,1939,14-126,CHI,NFL,1,0,0,0,,0,0.0
887,Alex Tanney,2012,2015,,TOT,NFL,1,0,0,0,,0,0.0
888,Jim Bob Taylor,1983,1983,11-280,CLT,NFL,8,0,0,0,,0,0.0
889,Harry Theofiledes,1968,1968,,WAS,NFL,5,,3,0,0.00,0,0.0
890,Logan Thomas,2014,2019,4-120,TOT,NFL,38,7,0,0,,0,0.0
891,Kevin Thompson,2000,2000,,CLE,NFL,1,0,1,0,0.00,0,0.0
892,Willie Thrower,1953,1953,,CHI,NFL,1,,0,0,,0,0.0
893,Rick Trocano,1981,1982,11-292,CLE,NFL,8,0,0,0,,0,0.0
894,Dustin Vaughan,2014,2014,,DAL,NFL,0,,0,0,,0,
895,Marcus Vick,2006,2006,,MIA,NFL,1,0,0,0,,0,0.0
896,Jay Walker,1996,1997,7-198,MIN,NFL,1,0,0,0,,0,0.0
897,Casey Weldon,1993,1999,4-102,TOT,NFL,26,0,12,0,0.00,1,0.0
898,Mike Wells,1977,1977,4-80,CIN,NFL,7,0,0,0,,0,0.0
899,Keith Wenning,2014,2014,6-194,RAV,NFL,0,,0,0,,0,
900,Tory Woodbury,2001,2002,,NYJ,NFL,12,0,0,0,,0,0.0
901,Scott Woolf,1987,1987,,RAI,NFL,1,0,0,0,,0,0.0
902,Fred Wyant,1956,1956,3-36,WAS,NFL,10,,0,0,,0,0.0
903,Kerwin Bell,1996,1996,7-180,CLT,NFL,1,0,1,-1,-1.00,0,-1.0
904,Michael Bishop,2000,2000,7-227,NWE,NFL,8,0,7,-1,-0.14,0,-0.1
905,King Corcoran,1968,1968,,NWE,AFL,2,,1,-1,-1.00,0,-0.5
906,Bill Demory,1973,1974,,NYJ,NFL,7,3,4,-1,-0.25,0,-0.1
907,Joe DiVito,1968,1968,,DEN,AFL,3,,1,-1,-1.00,0,-0.3
908,Mark Herrmann,1982,1992,4-98,TOT,NFL,40,12,35,-1,-0.03,1,0.0
909,Todd Husak,2000,2000,6-202,WAS,NFL,1,0,1,-1,-1.00,0,-1.0
910,Cardale Jones,2016,2016,4-139,BUF,NFL,1,0,1,-1,-1.00,0,-1.0
911,Chad Kelly,2018,2018,7-253,DEN,NFL,1,0,1,-1,-1.00,0,-1.0
912,Eric Kresser,1998,1998,,CIN,NFL,2,0,1,-1,-1.00,0,-0.5
931,Bobby Garrett,1954,1954,1-1,GNB,NFL,9,,1,-3,-3.00,0,-0.3
932,Pete Gonzalez,1999,1999,,PIT,NFL,1,0,2,-3,-1.50,0,-3.0
933,Graham Harrell,2012,2012,,GNB,NFL,4,0,4,-3,-0.75,0,-0.8
934,Ryan Nassib,2014,2015,4-110,NYG,NFL,5,0,2,-3,-1.50,0,-0.6
935,Vince Oliver,1945,1945,,CRD,NFL,3,1,11,-3,-0.27,0,-1.0
936,Jon Brittenum,1968,1968,,SDG,AFL,14,,2,-4,-2.00,0,-0.3
937,Mike Buck,1991,1995,6-156,TOT,NFL,12,1,5,-4,-0.80,0,-0.3
938,Scott Covington,1999,2002,7-245,TOT,NFL,4,1,2,-4,-2.00,0,-1.0
939,Jerry Golsteyn,1977,1983,12-333,TOT,NFL,21,9,10,-4,-0.40,0,-0.2
940,Dean May,1984,1987,5-138,TOT,NFL,5,0,2,-4,-2.00,0,-0.8
941,Sean Renfree,2014,2015,7-249,ATL,NFL,2,0,1,-4,-4.00,0,-2.0
942,Bev Wallace,1947,1951,,TOT,TOT,24,1,6,-4,-0.67,1,-0.2
943,John Walton,1976,1979,,PHI,NFL,15,0,10,-4,-0.40,0,-0.3
944,Bob Bleier,1987,1987,,NWE,NFL,3,2,5,-5,-1.00,1,-1.7
945,Mike Cherry,1997,1998,6-171,NYG,NFL,2,0,4,-5,-1.25,0,-2.5
946,Rohan Davey,2002,2004,4-117,NWE,NFL,7,0,6,-5,-0.83,0,-0.7
947,Maury Duncan,1954,1955,,SFO,NFL,17,,1,-5,-5.00,0,-0.3
948,Max Hall,2010,2010,,CRD,NFL,6,3,1,-5,-5.00,0,-0.8
949,Ryan Mallett,2012,2017,3-74,TOT,NFL,21,8,28,-5,-0.18,1,-0.2
950,Ingle Martin,2006,2006,5-148,GNB,NFL,1,0,2,-5,-2.50,0,-5.0
951,Cary Conklin,1992,1995,4-86,TOT,NFL,7,2,5,-6,-1.20,0,-0.9
952,Bob Leahy,1971,1971,,PIT,NFL,1,0,1,-6,-6.00,0,-6.0
953,Kevin O'Connell,2008,2008,3-94,NWE,NFL,2,0,3,-6,-2.00,0,-3.0
954,Mike Quinn,1997,1998,,TOT,NFL,4,0,5,-6,-1.20,0,-1.5
955,Todd Whitten,1987,1987,,NWE,NFL,1,0,2,-6,-3.00,0,-6.0
956,Tim Boyle,2019,2019,,GNB,NFL,3,0,5,-7,-1.40,0,-2.3
957,Ogden Compton,1955,1955,,CRD,NFL,9,1,6,-8,-1.33,0,-0.9
958,Tom Farris,1946,1948,11-99,TOT,TOT,33,3,17,-9,-0.53,0,-0.3
959,Shawn Halloran,1987,1987,,CRD,NFL,3,2,3,-9,-3.00,0,-3.0
960,Don Klosterman,1952,1952,3-26,RAM,NFL,2,,1,-9,-9.00,0,-4.5
961,Tom O'Malley,1950,1950,,GNB,NFL,1,,1,-9,-9.00,0,-9.0
962,Ron Smith,1965,1966,10-131 23-184AFL,TOT,NFL,10,8,4,-9,-2.25,0,-0.9
963,Bob Clatterbuck,1954,1960,27-316,TOT,TOT,19,4,26,-10,-0.38,1,-0.5
964,Jim Druckenmiller,1997,1998,1-26,SFO,NFL,6,1,13,-10,-0.77,0,-1.7
965,Bill Musgrave,1991,1996,4-106,TOT,NFL,12,1,19,-11,-0.58,0,-0.9
966,Matt Gutierrez,2007,2009,,TOT,NFL,6,0,5,-13,-2.60,0,-2.2
967,Sean Mannion,2015,2019,3-89,TOT,NFL,11,1,19,-14,-0.74,0,-1.3
968,Angelo Bertelli,1946,1948,1-1,TOT,AAFC,16,5,14,-15,-1.07,1,-0.9
969,Brock Berlin,2007,2008,,RAM,NFL,2,1,3,-16,-5.33,0,-8.0
970,Scott Gudmundson,1944,1945,,BYK,NFL,17,4,37,-17,-0.46,0,-1.0
971,Landry Jones,2013,2017,4-115,PIT,NFL,19,5,19,-19,-1.00,0,-1.0
972,Ed Luther,1980,1984,4-101,SDG,NFL,61,9,20,-19,-0.95,0,-0.3
973,Nick Mullens,2018,2019,,SFO,NFL,9,8,21,-19,-0.90,0,-2.1
974,Ken Holley,1946,1946,,MSA,AAFC,5,,2,-22,-11.00,0,-4.4
975,George Izo,1960,1966,1-2,TOT,NFL,26,6,10,-23,-2.30,0,-0.9
976,Paul Christman,1945,1950,2-13,TOT,NFL,61,23,85,-26,-0.31,8,-0.4
977,Young Bussey,1941,1941,20-187,CHI,NFL,10,,13,-27,-2.08,0,-2.7
978,Allie Sherman,1943,1947,,PHI,NFL,51,1,93,-44,-0.47,4,-0.9
979,Jimmy Tarrant,1946,1946,,MSA,AAFC,4,1,5,-46,-9.20,0,-11.5
980,Foster Watkins,1940,1941,15-134,PHI,NFL,20,1,29,-65,-2.24,0,-3.3
981,Bernie Masterson,1934,1940,,CHI,NFL,72,37,108,-69,-0.64,6,-1.0
982,Paul Governali,1946,1948,1-4,TOT,NFL,32,5,79,-83,-1.05,4,-2.6
983,Marion Pugh,1941,1946,3-16,TOT,TOT,24,12,77,-127,-1.65,2,-5.3
984,Davey O'Brien,1939,1940,1-4,PHI,NFL,22,19,208,-194,-0.93,2,-8.8
985,Sid Luckman,1939,1950,1-2,CHI,NFL,128,62,204,-239,-1.17,4,-1.9
1,Michael Vick,2001,2015,1-1,TOT,NFL,143,115,873,6109,7.00,36,42.7
2,Randall Cunningham,1985,2001,2-37,TOT,NFL,161,135,775,4928,6.36,35,30.6
3,Cam Newton,2011,2019,1-1,CAR,NFL,125,124,934,4806,5.15,58,38.4
4,Tom Matte,1961,1972,1-7 5-37AFL,CLT,NFL,142,91,1200,4646,3.87,45,32.7
5,Steve Young,1985,1999,1-1,TOT,NFL,169,143,722,4239,5.87,43,25.1
369,Greg Cook,1969,1973,1-5,CIN,TOT,12,11,25,148,5.92,1,12.3
913,John McCormick,1962,1968,,TOT,TOT,51,15,10,-1,-0.10,0,0.0
914,Larry Miller,1987,1987,,MIN,NFL,2,0,1,-1,-1.00,0,-0.5
915,Kellen Moore,2012,2015,,TOT,NFL,3,2,2,-1,-0.50,0,-0.3
916,Brian St. Pierre,2004,2010,5-163,TOT,NFL,3,1,5,-1,-0.20,0,-0.3
917,Mark Vlasic,1987,1991,4-88,TOT,NFL,15,4,4,-1,-0.25,0,-0.1
918,Matt Barkley,2013,2019,4-98,TOT,NFL,13,7,15,-2,-0.13,0,-0.2
919,Bill Cappleman,1970,1973,2-51,TOT,NFL,8,0,1,-2,-2.00,0,-0.3
920,Bob Gambold,1953,1953,24-307,PHI,NFL,3,,2,-2,-1.00,0,-0.7
921,Garrett Gilbert,2014,2019,6-214,TOT,NFL,5,0,2,-2,-1.00,0,-0.4
922,Joe Hamilton,2000,2000,7-234,TAM,NFL,1,0,1,-2,-2.00,0,-2.0
923,Kyle Lauletta,2018,2018,4-108,NYG,NFL,2,0,1,-2,-2.00,0,-1.0
924,Terry Luck,1977,1977,,CLE,NFL,4,1,3,-2,-0.67,0,-0.5
925,Ron Meyer,1966,1966,7-107,PIT,NFL,4,,1,-2,-2.00,0,-0.5
926,Sandy Osiecki,1984,1984,,KAN,NFL,4,0,1,-2,-2.00,0,-0.5
927,Jarrett Stidham,2019,2019,4-133,NWE,NFL,3,0,2,-2,-1.00,0,-0.7
928,Steve Bradley,1987,1987,12-316,CHI,NFL,1,1,1,-3,-3.00,0,-3.0
929,Brian Brohm,2009,2010,2-56,BUF,NFL,3,2,3,-3,-1.00,0,-1.0
930,Chuck Clements,1997,1997,6-191,NYJ,NFL,1,0,2,-3,-1.50,0,-3.0
